日期,契約代號,到期月份(週別),開盤價,最高價,最低價,最後成交價,漲跌價,漲跌%,合計成交量,結算價,未沖銷契約數,最後最佳買價,最後最佳賣價,歷史最高價,歷史最低價,是否因訊息面暫停交易,交易時段,價差對單式委託成交量
20261008,ZFF,202610,3613.2,3615.2,3551.6,3551.6,-56.2,-1.56%,179,3551.6,292,3551.4,3555.6,3700,3134,,一般,
20261008,ZFF,202610,3585.6,3600,3585.6,3592,-15.8,-0.44%,22,NULL,-,3591.4,3606.2,3700,3134,,盤後,
20261008,ZFF,202611,3616.8,-,-,3616.8,0,0.00%,2,3564.2,12,3562.8,3569.2,3619,3508.2,,一般,
20261008,ZFF,202611,3597.8,3600,3597.8,3600,-16.8,-0.46%,2,NULL,-,3595.2,3616.2,3619,3508.2,,盤後,
20261008,ZFF,202612,-,-,-,-,-,-,0,3456.6,0,-,-,-,-,,一般,
20261008,ZFF,202612,-,-,-,-,-,-,0,NULL,-,-,-,-,-,,盤後,
20261008,ZFF,202703,-,-,-,-,-,-,0,3554.8,0,-,-,-,-,,一般,
20261008,ZFF,202703,-,-,-,-,-,-,0,NULL,-,-,-,-,-,,盤後,
20261008,ZFF,202706,-,-,-,-,-,-,0,3579.8,0,-,-,-,-,,一般,
20261008,ZFF,202706,-,-,-,-,-,-,0,NULL,-,-,-,-,-,,盤後,
20261008,ZFF,202709,-,-,-,-,-,-,0,3477.6,0,-,-,-,-,,一般,
20261008,ZFF,202709,-,-,-,-,-,-,0,NULL,-,-,-,-,-,,盤後,
20261008,ZEF,202610,3141.35,3162.15,3137.3,3139,-45.4,-1.43%,202,3136.9,570,3139,3139.95,3220.95,2858,,一般,
20261008,ZEF,202610,3176.3,3178.75,3128,3145.85,-38.55,-1.21%,310,NULL,-,3145.3,3152.3,3220.95,2858,,盤後,
20261008,ZEF,202611,3164.3,3164.3,3152.45,3152.45,-44.6,-1.40%,3,3149.55,47,3150.4,3155.4,3228,2948,,一般,
20261008,ZEF,202611,3169,3169,3140,3166,-31.05,-0.97%,8,NULL,-,3160,3167.25,3228,2948,,盤後,
20261008,ZEF,202612,-,-,-,-,-,-,0,2942.7,0,2990,-,-,-,,一般,
20261008,ZEF,202612,-,-,-,-,-,-,0,NULL,-,2990,3238.8,-,-,,盤後,
20261008,ZEF,202703,-,-,-,-,-,-,0,2982.15,0,-,-,-,-,,一般,
20261008,ZEF,202703,-,-,-,-,-,-,0,NULL,-,-,-,-,-,,盤後,
20261008,ZEF,202706,-,-,-,-,-,-,0,3244.3,0,-,-,-,-,,一般,
20261008,ZEF,202706,-,-,-,-,-,-,0,NULL,-,-,-,-,-,,盤後,
20261008,ZEF,202709,-,-,-,-,-,-,0,3210.5,0,-,-,-,-,,一般,
20261008,ZEF,202709,-,-,-,-,-,-,0,NULL,-,-,-,-,-,,盤後,
20261008,XJF,202612,156.88,157.43,156.88,157.39,0.04,0.03%,48,157.39,325,156.86,157.44,162.07,151.83,,一般,
20261008,XJF,202612,157.4,157.46,157.16,157.16,-0.19,-0.12%,10,NULL,-,156.86,157.9,162.07,151.83,,盤後,
20261008,XJF,202703,-,-,-,-,-,-,0,156.34,133,-,-,156.42,152.42,,一般,
20261008,XJF,202703,-,-,-,-,-,-,0,NULL,-,-,-,156.42,152.42,,盤後,
20261008,XJF,202706,-,-,-,-,-,-,0,154.89,0,-,-,-,-,,一般,
20261008,XJF,202706,-,-,-,-,-,-,0,NULL,-,-,-,-,-,,盤後,
20261008,XJF,202709,-,-,-,-,-,-,0,153.93,0,-,-,-,-,,一般,
20261008,XJF,202709,-,-,-,-,-,-,0,NULL,-,-,-,-,-,,盤後,
20261008,XIF,202610,17626,17746,17553,17671,24,0.14%,227,17659,608,17612,17659,17746,16083,,一般,
20261008,XIF,202611,17752,17795,17682,17682,-55,-0.31%,7,17682,118,17668,17720,17795,16455,,一般,
20261008,XIF,202612,-,-,-,-,-,-,0,17611,0,-,-,-,-,,一般,
20261008,XIF,202703,-,-,-,-,-,-,0,17623,0,-,-,-,-,,一般,
20261008,XIF,202706,-,-,-,-,-,-,0,17668,0,-,-,-,-,,一般,
20261008,XIF,202709,-,-,-,-,-,-,0,17594,0,-,-,-,-,,一般,
20261008,XEF,202612,-,-,-,-,-,-,0,1.1228,43,-,-,1.1743,1.1199,,一般,
20261008,XEF,202612,-,-,-,-,-,-,0,NULL,-,1.1178,-,1.1743,1.1199,,盤後,
20261008,XEF,202703,-,-,-,-,-,-,0,1.1273,40,-,-,1.163,1.1412,,一般,
20261008,XEF,202703,-,-,-,-,-,-,0,NULL,-,-,-,1.163,1.1412,,盤後,
20261008,XEF,202706,-,-,-,-,-,-,0,1.1318,0,-,-,-,-,,一般,
20261008,XEF,202706,-,-,-,-,-,-,0,NULL,-,-,-,-,-,,盤後,
20261008,XEF,202709,-,-,-,-,-,-,0,1.1365,0,-,-,-,-,,一般,
20261008,XEF,202709,-,-,-,-,-,-,0,NULL,-,-,-,-,-,,盤後,
20261008,XBF,202612,1.3204,1.3204,1.3204,1.3204,-0.0038,-0.29%,1,1.3204,6,-,-,1.365,1.3199,,一般,
20261008,XBF,202612,1.3228,1.3235,1.3207,1.3224,-0.0018,-0.14%,6,NULL,-,-,1.3255,1.365,1.3199,,盤後,
20261008,XBF,202703,-,-,-,-,-,-,0,1.3207,0,-,-,1.3233,1.3227,,一般,
20261008,XBF,202703,-,-,-,-,-,-,0,NULL,-,-,-,1.3233,1.3227,,盤後,
20261008,XBF,202706,-,-,-,-,-,-,0,1.3209,0,-,-,-,-,,一般,
20261008,XBF,202706,-,-,-,-,-,-,0,NULL,-,-,-,-,-,,盤後,
20261008,XBF,202709,-,-,-,-,-,-,0,1.3211,0,-,-,-,-,,一般,
20261008,XBF,202709,-,-,-,-,-,-,0,NULL,-,-,-,-,-,,盤後,
20261008,XAF,202612,-,-,-,-,-,-,0,0.6945,11,-,0.6957,0.7211,0.6902,,一般,
20261008,XAF,202612,0.695,0.695,0.6938,0.6938,-0.0026,-0.37%,5,NULL,-,-,-,0.7211,0.6902,,盤後,
20261008,XAF,202703,0.6939,0.6939,0.6939,0.6939,-0.0018,-0.26%,10,0.6939,30,-,-,0.7113,0.6939,,一般,
20261008,XAF,202703,-,-,-,-,-,-,0,NULL,-,-,-,0.7113,0.6993,,盤後,
20261008,XAF,202706,-,-,-,-,-,-,0,0.6932,0,-,-,-,-,,一般,
20261008,XAF,202706,-,-,-,-,-,-,0,NULL,-,-,-,-,-,,盤後,
20261008,XAF,202709,-,-,-,-,-,-,0,0.6929,0,-,-,-,-,,一般,
20261008,XAF,202709,-,-,-,-,-,-,0,NULL,-,-,-,-,-,,盤後,
20261008,VQF,202610,63.8,64.9,63.8,64.9,0.2,0.31%,2,64.9,261,62.5,65,82,58.3,,一般,
20261008,VQF,202611,64.3,64.3,64.3,64.3,-0.4,-0.62%,1,64.2,7,62.9,65.5,68.4,64.3,,一般,
20261008,VQF,202612,-,-,-,-,-,-,0,63.2,1,-,-,66.1,66.1,,一般,
20261008,VQF,202703,-,-,-,-,-,-,0,63.1,0,-,-,-,-,,一般,
20261008,VQF,202706,-,-,-,-,-,-,0,63.2,1,-,-,64.2,64.2,,一般,
20261008,VQ1,202612,-,-,-,-,-,-,0,63.2,1,-,-,99.9,62,,一般,
20261008,VQ1,202703,-,-,-,-,-,-,0,63.1,1,-,-,103.5,94.8,,一般,
20261008,VQ1,202706,-,-,-,-,-,-,0,63.2,1,-,-,75,75,,一般,
20261008,VPF,202610,728,757,717,741,3,0.41%,2416,744,5701,741,742,761,567,,一般,
20261008,VPF,202611,728,758,720,745,6,0.81%,438,747,750,743,745,760,617,,一般,
20261008,VPF,202612,-,-,-,-,-,-,0,741,23,735,760,750,580,,一般,
20261008,VPF,202703,-,-,-,-,-,-,0,738,11,717,-,780,586,,一般,
20261008,VPF,202706,792,792,792,792,57,7.76%,2,741,1,714,790,792,609,,一般,
20261008,VOF,202610,300.5,312,284.5,306.5,4,1.32%,4406,305.5,5659,306,306.5,331,234,,一般,
20261008,VOF,202611,301,313,285,306,3.5,1.16%,624,306,1094,306,307,328,268,,一般,
20261008,VOF,202612,294,312,290,312,9,2.97%,7,308,44,303.5,316,312,238,,一般,
20261008,VOF,202703,293,313,293,313,10,3.30%,12,308,12,308,-,313,271,,一般,
20261008,VOF,202706,-,-,-,-,-,-,0,306,1,296.5,-,273,273,,一般,
20261008,VNF,202610,704,704,693,693,-14,-1.98%,92,693,575,693,695,775,687,,一般,
20261008,VNF,202611,702,703,697,697,-12,-1.69%,21,697,45,696,699,724,690,,一般,
20261008,VNF,202612,710,710,710,710,2,0.28%,1,698,4,698,719,799,710,,一般,
20261008,VNF,202703,-,-,-,-,-,-,0,691,0,710,-,-,-,,一般,
20261008,VNF,202706,-,-,-,-,-,-,0,693,0,-,-,-,-,,一般,
20261008,VMF,202610,695,695,694,694,-13,-1.84%,3,693,21,690,-,748,694,,一般,
20261008,VMF,202611,-,-,-,-,-,-,0,697,0,695,-,-,-,,一般,
20261008,VMF,202612,-,-,-,-,-,-,0,698,0,-,-,-,-,,一般,
20261008,VMF,202703,-,-,-,-,-,-,0,691,0,-,-,-,-,,一般,
20261008,VMF,202706,-,-,-,-,-,-,0,693,0,-,-,-,-,,一般,
20261008,VLF,202610,92.2,95.9,92.2,94.6,3.8,4.19%,13,93.4,1105,93.1,99,96.9,87.2,,一般,
20261008,VLF,202611,94.7,94.7,94.7,94.7,3.7,4.07%,2,93.6,8,93.1,99.6,95.4,91,,一般,
20261008,VLF,202612,-,-,-,-,-,-,0,92.6,0,90,-,-,-,,一般,
20261008,VLF,202703,-,-,-,-,-,-,0,93,0,-,-,-,-,,一般,
20261008,VLF,202706,-,-,-,-,-,-,0,93,0,-,-,-,-,,一般,
20261008,VL1,202610,-,-,-,-,-,-,0,93.4,72,-,-,118.5,87.5,,一般,
20261008,VL1,202706,-,-,-,-,-,-,0,93,286,-,-,119,107,,一般,
20261008,VKF,202610,785,790,768,780,-13,-1.64%,477,780,2558,781,782,817,698,,一般,
20261008,VKF,202611,780,786,770,782,-10,-1.26%,142,781,465,781,784,808,700,,一般,
20261008,VKF,202612,-,-,-,-,-,-,0,780,8,780,809,789,715,,一般,
20261008,VKF,202703,-,-,-,-,-,-,0,780,2,780,-,768,750,,一般,
20261008,VKF,202706,-,-,-,-,-,-,0,776,1,-,-,759,759,,一般,
20261008,VJF,202610,388.5,396.5,376,385,-4.5,-1.16%,660,385.5,1241,385,386,410,318,,一般,
20261008,VJF,202611,385.5,395,385.5,389.5,2.5,0.65%,24,389.5,215,385,388,407,365,,一般,
20261008,VJF,202612,-,-,-,-,-,-,0,385.5,3,372,399,415,370,,一般,
20261008,VJF,202703,-,-,-,-,-,-,0,384.5,2,372.5,-,381,340,,一般,
20261008,VJF,202706,-,-,-,-,-,-,0,384,2,-,-,399,399,,一般,
20261008,VIF,202610,722,727,715,727,-4,-0.55%,10,727,115,711,748,757,658,,一般,
20261008,VIF,202611,737,-,-,737,0,0.00%,4,733,8,711,752,740,737,,一般,
20261008,VIF,202612,-,-,-,-,-,-,0,727,2,-,-,697,687,,一般,
20261008,VIF,202703,-,-,-,-,-,-,0,727,0,-,-,-,-,,一般,
20261008,VIF,202706,-,-,-,-,-,-,0,727,0,-,-,-,-,,一般,
20261008,VHF,202610,67.6,67.65,67.25,67.25,-0.7,-1.03%,6,67.25,323,67.25,70.05,68.3,62.95,,一般,
20261008,VHF,202611,67.85,67.95,67.5,67.5,-0.6,-0.88%,5,67.5,6,67.35,-,68.1,67.5,,一般,
20261008,VHF,202612,-,-,-,-,-,-,0,67.25,10,65.95,68.75,65,43.7,,一般,
20261008,VHF,202703,-,-,-,-,-,-,0,67.2,1,67.75,-,66,55,,一般,
20261008,VHF,202706,-,-,-,-,-,-,0,67.1,0,-,-,-,-,,一般,
20261008,VGF,202610,1228,1292,1214,1272,27,2.17%,4502,1274,9220,1271,1272,1310,930,,一般,
20261008,VGF,202611,1228,1295,1222,1273,23,1.84%,333,1276,830,1273,1275,1313,960,,一般,
20261008,VGF,202612,1290,1290,1290,1290,35,2.79%,7,1290,44,1275,1380,1420,722,,一般,
20261008,VGF,202703,1253,-,-,1253,0,0.00%,2,1282,22,1236,1359,1345,797,,一般,
20261008,VGF,202706,-,-,-,-,-,-,0,1263,6,1236,-,1268,900,,一般,
20261008,VFF,202610,2330,2410,2311,2370,29,1.24%,1302,2377,4032,2370,2375,2685,1828,,一般,
20261008,VFF,202611,2375,2415,2358,2385,40,1.71%,99,2380,474,2376,2383,2685,2006,,一般,
20261008,VFF,202612,-,-,-,-,-,-,0,2334,19,2298,2458,2680,1937,,一般,
20261008,VFF,202703,-,-,-,-,-,-,0,2377,1,2286,2458,2470,1980,,一般,
20261008,VFF,202706,-,-,-,-,-,-,0,2357,2,-,-,2387,2041,,一般,
20261008,VEF,202610,2357,2404,2347,2360,19,0.81%,80,2377,363,2375,2385,2680,1880,,一般,
20261008,VEF,202611,2400,2409,2355,2365,20,0.85%,27,2380,102,2380,2390,2560,2136,,一般,
20261008,VEF,202612,-,-,-,-,-,-,0,2334,0,-,-,1730,1375,,一般,
20261008,VEF,202703,-,-,-,-,-,-,0,2377,0,-,-,-,-,,一般,
20261008,VEF,202706,-,-,-,-,-,-,0,2357,0,-,-,-,-,,一般,
20261008,VDF,202610,2360,2394,2324,2338,-70,-2.91%,615,2338,2494,2337,2346,2580,1900,,一般,
20261008,VDF,202611,2366,2396,2335,2350,-66,-2.73%,57,2350,516,2350,2359,2580,2054,,一般,
20261008,VDF,202612,-,-,-,-,-,-,0,2338,12,2355,2428,2450,1830,,一般,
20261008,VDF,202703,-,-,-,-,-,-,0,2327,1,2255,-,2355,1834,,一般,
20261008,VDF,202706,-,-,-,-,-,-,0,2332,0,-,-,-,-,,一般,
20261008,VCF,202610,169.5,169.5,167.5,168.5,-3.5,-2.03%,11,168.5,156,167.5,168.5,176,145,,一般,
20261008,VCF,202611,170,170,169.5,169.5,-3,-1.74%,2,169.5,7,167.5,169.5,175,164.5,,一般,
20261008,VCF,202612,-,-,-,-,-,-,0,166.5,0,-,-,153,144,,一般,
20261008,VCF,202703,-,-,-,-,-,-,0,168,0,-,-,-,-,,一般,
20261008,VCF,202706,-,-,-,-,-,-,0,167,0,-,-,-,-,,一般,
20261008,VBF,202610,46.9,46.9,45.2,45.2,-2,-4.24%,285,45.2,1613,45.2,45.5,50.7,39.35,,一般,
20261008,VBF,202611,46.1,46.1,45.8,45.8,-1.25,-2.66%,69,45.35,255,44.9,45.35,49.75,41.45,,一般,
20261008,VBF,202612,-,-,-,-,-,-,0,45.5,7,-,-,58.3,42.7,,一般,
20261008,VBF,202703,-,-,-,-,-,-,0,45.45,5,-,-,70.6,44.8,,一般,
20261008,VBF,202706,-,-,-,-,-,-,0,45.55,0,-,-,-,-,,一般,
20261008,VAF,202610,-,-,-,-,-,-,0,36.2,36,36.5,37.95,37.4,35.25,,一般,
20261008,VAF,202611,-,-,-,-,-,-,0,36.4,1,35.75,38.2,36.2,36.2,,一般,
20261008,VAF,202612,-,-,-,-,-,-,0,36.3,0,-,-,-,-,,一般,
20261008,VAF,202703,-,-,-,-,-,-,0,36.1,0,-,-,-,-,,一般,
20261008,VAF,202706,-,-,-,-,-,-,0,36.3,0,-,-,-,-,,一般,
20261008,UZF,202610,1330,1330,1290,1300,-30,-2.26%,266,1300,1963,1302,1305,1361,980,,一般,
20261008,UZF,202611,1359,1359,1298,1304,-31,-2.32%,84,1304,181,1306,1310,1359,1036,,一般,
20261008,UZF,202612,1304,1314,1304,1314,-21,-1.57%,4,1305,42,1309,1316,1358,920,,一般,
20261008,UZF,202703,-,-,-,-,-,-,0,1305,9,-,-,1340,1035,,一般,
20261008,UZF,202706,-,-,-,-,-,-,0,1294,0,-,-,-,-,,一般,
20261008,UYF,202610,282.5,282.5,280.5,280.5,-4,-1.41%,365,280.5,1206,279.5,280,295.5,234.5,,一般,
20261008,UYF,202611,282,282,279,279,-4,-1.41%,359,279,565,277.5,278,293,270.5,,一般,
20261008,UYF,202612,-,-,-,-,-,-,0,281.5,11,275,289,313,251,,一般,
20261008,UYF,202703,-,-,-,-,-,-,0,279.5,0,-,-,-,-,,一般,
20261008,UYF,202706,-,-,-,-,-,-,0,280.5,0,-,-,-,-,,一般,
20261008,UXF,202610,45.05,45.05,43.45,44.4,-1.2,-2.63%,80,44.4,456,44,44.95,46.1,40.85,,一般,
20261008,UXF,202611,43.55,44.55,43.55,44.55,-0.9,-1.98%,10,44.55,47,43.8,45.1,45.55,43.5,,一般,
20261008,UXF,202612,-,-,-,-,-,-,0,44.55,0,-,-,-,-,,一般,
20261008,UXF,202703,-,-,-,-,-,-,0,44.35,0,-,-,-,-,,一般,
20261008,UXF,202706,-,-,-,-,-,-,0,44.7,0,-,-,-,-,,一般,
20261008,UWF,202610,5470,5685,5470,5595,65,1.18%,536,5595,2509,5595,5600,6100,4800,,一般,
20261008,UWF,202611,5600,5685,5590,5625,80,1.44%,137,5625,1453,5620,5630,5880,5060,,一般,
20261008,UWF,202612,-,-,-,-,-,-,0,5590,18,5400,5685,5770,5090,,一般,
20261008,UWF,202703,-,-,-,-,-,-,0,5525,0,5400,-,-,-,,一般,
20261008,UWF,202706,-,-,-,-,-,-,0,5530,4,-,5865,5445,5330,,一般,
20261008,UVF,202610,5530,-,-,5530,0,0.00%,4,5595,39,5505,-,5880,4950,,一般,
20261008,UVF,202611,5545,-,-,5545,0,0.00%,4,5625,16,5535,-,5540,5250,,一般,
20261008,UVF,202612,-,-,-,-,-,-,0,5590,0,-,-,-,-,,一般,
20261008,UVF,202703,-,-,-,-,-,-,0,5525,0,-,-,-,-,,一般,
20261008,UVF,202706,-,-,-,-,-,-,0,5530,0,-,-,-,-,,一般,
20261008,UUF,202610,-,-,-,-,-,-,0,53.7,26,49.3,-,56.3,52.8,,一般,
20261008,UUF,202611,-,-,-,-,-,-,0,53.7,0,49.3,-,-,-,,一般,
20261008,UUF,202612,-,-,-,-,-,-,0,53.7,0,-,-,-,-,,一般,
20261008,UUF,202703,-,-,-,-,-,-,0,53.7,0,-,-,-,-,,一般,
20261008,UUF,202706,-,-,-,-,-,-,0,53.6,0,-,-,-,-,,一般,
20261008,UTF,202610,238.5,239.5,235,239,-2.5,-1.04%,39,239,624,238.5,240,290,228.5,,一般,
20261008,UTF,202611,239,239,237.5,237.5,-4.5,-1.86%,12,238,159,238,240,256,230.5,,一般,
20261008,UTF,202612,240,240,240,240,-1.5,-0.62%,2,239,16,238.5,248,260.5,106,,一般,
20261008,UTF,202703,-,-,-,-,-,-,0,239,0,-,-,-,-,,一般,
20261008,UTF,202706,-,-,-,-,-,-,0,237.5,0,-,-,-,-,,一般,
20261008,USF,202610,-,-,-,-,-,-,0,146.5,5,135.7,156,138.9,138.85,,一般,
20261008,USF,202611,-,-,-,-,-,-,0,147.3,4,144.1,-,140.55,140.5,,一般,
20261008,USF,202612,-,-,-,-,-,-,0,147.45,3,-,-,143.65,108.65,,一般,
20261008,USF,202703,-,-,-,-,-,-,0,149.15,18,-,-,148,144.45,,一般,
20261008,USF,202706,-,-,-,-,-,-,0,146.85,0,-,-,-,-,,一般,
20261008,URF,202610,-,-,-,-,-,-,0,146.5,0,135.7,156,144.25,144.25,,一般,
20261008,URF,202611,-,-,-,-,-,-,0,147.3,1,146.65,-,145.05,145.05,,一般,
20261008,URF,202612,-,-,-,-,-,-,0,147.45,2,-,-,139,120.4,,一般,
20261008,URF,202703,-,-,-,-,-,-,0,149.15,0,-,-,-,-,,一般,
20261008,URF,202706,-,-,-,-,-,-,0,146.85,0,-,-,-,-,,一般,
20261008,UQF,202610,419,422.5,417.5,422,-6,-1.40%,34,422,359,421,424,465,396,,一般,
20261008,UQF,202611,-,-,-,-,-,-,0,422,115,420,426,432,420.5,,一般,
20261008,UQF,202612,-,-,-,-,-,-,0,422,7,407,438,569,352,,一般,
20261008,UQF,202703,-,-,-,-,-,-,0,418.5,0,-,-,-,-,,一般,
20261008,UQF,202706,-,-,-,-,-,-,0,421,7,384.5,-,442,380,,一般,
20261008,UPF,202610,-,-,-,-,-,-,0,422,379,391.5,-,446,391,,一般,
20261008,UPF,202611,-,-,-,-,-,-,0,422,102,391.5,-,-,-,,一般,
20261008,UPF,202612,-,-,-,-,-,-,0,422,0,-,-,-,-,,一般,
20261008,UPF,202703,-,-,-,-,-,-,0,418.5,0,-,-,-,-,,一般,
20261008,UPF,202706,-,-,-,-,-,-,0,421,0,-,-,-,-,,一般,
20261008,UOF,202610,4200,4495,4155,4360,140,3.32%,5290,4350,5627,4350,4360,4495,3290,,一般,
20261008,UOF,202611,4175,4505,4170,4360,135,3.20%,386,4360,546,4360,4375,4505,3305,,一般,
20261008,UOF,202612,4170,4410,4165,4390,180,4.28%,4,4345,74,4345,4405,5635,2580,,一般,
20261008,UOF,202703,-,-,-,-,-,-,0,4310,2,4240,-,4210,3750,,一般,
20261008,UOF,202706,-,-,-,-,-,-,0,4335,0,-,-,-,-,,一般,
20261008,UNF,202612,31417,31492,31380,31388,-116,-0.37%,99,31388,643,31378,31477,31638,27777,,一般,
20261008,UNF,202612,31494,31498,31183,31405,-99,-0.31%,220,NULL,-,31405,31430,31638,27777,,盤後,
20261008,UNF,202703,31832,31832,31775,31775,-114,-0.36%,3,31775,24,31740,31857,31938,29700,,一般,
20261008,UNF,202703,31839,31839,31555,31754,-135,-0.42%,7,NULL,-,31770,31808,31938,29700,,盤後,
20261008,UNF,202706,-,-,-,-,-,-,0,31929,0,-,-,-,-,,一般,
20261008,UNF,202706,-,-,-,-,-,-,0,NULL,-,-,-,-,-,,盤後,
20261008,UNF,202709,-,-,-,-,-,-,0,32113,0,-,-,-,-,,一般,
20261008,UNF,202709,-,-,-,-,-,-,0,NULL,-,-,-,-,-,,盤後,
20261008,UNF,202712,-,-,-,-,-,-,0,32569,0,-,-,-,-,,一般,
20261008,UNF,202712,-,-,-,-,-,-,0,NULL,-,-,-,-,-,,盤後,
20261008,UMF,202610,4240,4475,4175,4380,160,3.79%,66,4350,218,4310,4370,4475,3310,,一般,
20261008,UMF,202611,4295,4295,4295,4295,70,1.66%,1,4360,38,4325,4385,4315,3760,,一般,
20261008,UMF,202612,-,-,-,-,-,-,0,4345,0,4335,4415,4300,4200,,一般,
20261008,UMF,202703,-,-,-,-,-,-,0,4310,0,-,-,-,-,,一般,
20261008,UMF,202706,-,-,-,-,-,-,0,4335,0,-,-,-,-,,一般,
20261008,ULF,202610,1460,1574,1413,1532,-3,-0.20%,3586,1532,5416,1530,1535,1758,968,,一般,
20261008,ULF,202611,1463,1574,1420,1535,-5,-0.32%,273,1535,706,1535,1542,1748,1351,,一般,
20261008,ULF,202612,1470,1470,1470,1470,-64,-4.17%,1,1531,24,1526,1555,1730,905,,一般,
20261008,ULF,202703,-,-,-,-,-,-,0,1512,3,-,-,1068,858,,一般,
20261008,ULF,202706,-,-,-,-,-,-,0,1512,0,1380,-,1075,1075,,一般,
20261008,UKF,202610,-,-,-,-,-,-,0,25.34,6,25.29,25.39,27.15,25.34,,一般,
20261008,UKF,202611,-,-,-,-,-,-,0,25.38,2,25.32,25.42,25.97,25.97,,一般,
20261008,UKF,202612,-,-,-,-,-,-,0,25.38,87,25.34,25.53,29.19,26.88,,一般,
20261008,UKF,202703,-,-,-,-,-,-,0,25.63,59,25.4,25.86,27.93,26.41,,一般,
20261008,UKF,202706,-,-,-,-,-,-,0,25.73,50,25.47,26.18,28.08,27.83,,一般,
20261008,UJF,202610,13.6,13.6,13.6,13.6,0.01,0.07%,12,13.6,361,13.55,-,14.47,13.54,,一般,
20261008,UJF,202611,13.62,13.62,13.62,13.62,0,0.00%,31,13.62,260,13.6,-,14.38,13.59,,一般,
20261008,UJF,202612,-,-,-,-,-,-,0,13.65,535,13.64,-,15.68,13.61,,一般,
20261008,UJF,202703,-,-,-,-,-,-,0,13.77,498,13.73,-,15.54,13.76,,一般,
20261008,UJF,202706,13.76,13.82,13.76,13.82,-0.04,-0.29%,23,13.82,407,13.84,-,15.2,13.76,,一般,
20261008,UIF,202610,767,824,763,805,17,2.16%,228,805,1048,803,805,896,573,,一般,
20261008,UIF,202611,770,800,770,800,10,1.27%,4,800,59,795,811,870,715,,一般,
20261008,UIF,202612,-,-,-,-,-,-,0,802,1,-,-,606,504,,一般,
20261008,UIF,202703,-,-,-,-,-,-,0,802,0,-,-,-,-,,一般,
20261008,UIF,202706,-,-,-,-,-,-,0,802,0,-,-,-,-,,一般,
20261008,UHF,202610,3420,3545,3410,3465,-100,-2.81%,1577,3460,4598,3460,3470,3755,2775,,一般,
20261008,UHF,202611,3540,3550,3420,3475,-105,-2.93%,172,3475,434,3470,3485,3735,3205,,一般,
20261008,UHF,202612,3535,3535,3500,3500,-80,-2.23%,2,3475,11,3475,3505,3605,1650,,一般,
20261008,UHF,202703,3550,3550,3550,3550,30,0.85%,2,3415,3,3410,-,3550,2400,,一般,
20261008,UHF,202706,-,-,-,-,-,-,0,3415,0,3400,-,-,-,,一般,
20261008,UGF,202610,789,815,789,805,17,2.16%,6,805,236,803,817,888,628,,一般,
20261008,UGF,202611,-,-,-,-,-,-,0,800,1,778,821,845,845,,一般,
20261008,UGF,202612,-,-,-,-,-,-,0,802,0,-,-,-,-,,一般,
20261008,UGF,202703,-,-,-,-,-,-,0,802,0,-,-,-,-,,一般,
20261008,UGF,202706,-,-,-,-,-,-,0,802,0,-,-,-,-,,一般,
20261008,UFF,202610,105.5,114,105.5,111,4,3.74%,1307,111,2612,110.5,111,114,69.3,,一般,
20261008,UFF,202611,106,114,105.5,111,3.5,3.26%,328,111,310,111,111.5,114,85.5,,一般,
20261008,UFF,202612,-,-,-,-,-,-,0,111,0,107,115,81,52.5,,一般,
20261008,UFF,202703,-,-,-,-,-,-,0,110.5,0,-,-,-,-,,一般,
20261008,UFF,202706,-,-,-,-,-,-,0,110.5,1,-,-,82.5,82.5,,一般,
20261008,UEF,202610,49.7,49.7,49.7,49.7,0.5,1.02%,1,49.7,18,47.8,51,50.1,48.15,,一般,
20261008,UEF,202611,-,-,-,-,-,-,0,49.8,2,47.8,51.5,-,-,,一般,
20261008,UEF,202612,-,-,-,-,-,-,0,49.9,0,-,-,-,-,,一般,
20261008,UEF,202703,-,-,-,-,-,-,0,49.95,0,-,-,-,-,,一般,
20261008,UEF,202706,-,-,-,-,-,-,0,49.95,0,-,-,-,-,,一般,
20261008,UDF,202612,51420,51446,51371,51405,-395,-0.76%,16,51405,306,51125,51598,55295,46500,,一般,
20261008,UDF,202612,51775,51809,51230,51435,-365,-0.70%,117,NULL,-,51388,51739,55295,46500,,盤後,
20261008,UDF,202703,-,-,-,-,-,-,0,51900,45,51595,52118,53147,51619,,一般,
20261008,UDF,202703,-,-,-,-,-,-,0,NULL,-,51863,52249,53147,51619,,盤後,
20261008,UDF,202706,-,-,-,-,-,-,0,52455,0,-,-,-,-,,一般,
20261008,UDF,202706,-,-,-,-,-,-,0,NULL,-,-,-,-,-,,盤後,
20261008,UDF,202709,-,-,-,-,-,-,0,52903,0,-,-,-,-,,一般,
20261008,UDF,202709,-,-,-,-,-,-,0,NULL,-,-,-,-,-,,盤後,
20261008,UCF,202610,-,-,-,-,-,-,0,62.4,69,62.3,68.5,65.3,61.5,,一般,
20261008,UCF,202611,-,-,-,-,-,-,0,62.3,1,62.2,-,61.8,61.8,,一般,
20261008,UCF,202612,-,-,-,-,-,-,0,62.5,1,-,-,89.4,89.4,,一般,
20261008,UCF,202703,-,-,-,-,-,-,0,62.5,1,-,-,91,91,,一般,
20261008,UCF,202706,-,-,-,-,-,-,0,62.9,0,-,-,-,-,,一般,
20261008,UBF,202610,784,784,770,783,-10,-1.26%,71,780,465,779,782,809,698,,一般,
20261008,UBF,202611,779,781,772,781,-11,-1.39%,42,781,359,779,783,795,718,,一般,
20261008,UBF,202612,-,-,-,-,-,-,0,780,0,-,-,-,-,,一般,
20261008,UBF,202703,-,-,-,-,-,-,0,780,0,-,-,-,-,,一般,
20261008,UBF,202706,-,-,-,-,-,-,0,776,0,-,-,-,-,,一般,
20261008,UAF,202610,198.5,198.5,196,196.5,-3.5,-1.75%,19,196.5,271,196,196.5,215.5,193.5,,一般,
20261008,UAF,202611,198.5,198.5,196,196.5,-3.5,-1.75%,17,196.5,56,196,196.5,200.5,195.5,,一般,
20261008,UAF,202612,-,-,-,-,-,-,0,196.5,2,-,203,225.5,225.5,,一般,
20261008,UAF,202703,-,-,-,-,-,-,0,197,0,-,-,-,-,,一般,
20261008,UAF,202706,-,-,-,-,-,-,0,197,0,-,-,-,-,,一般,
20261008,TX,202610,49480,49692,49333,49349,-619,-1.24%,36039,49357,107859,49341,49347,50265,39852,,一般,
20261008,TX,202610,49946,49946,49253,49593,-375,-0.75%,29306,NULL,-,49580,49598,50265,39852,,盤後,
20261008,TX,202611,49766,49888,49538,49546,-598,-1.19%,359,49575,2354,49544,49552,50440,44435,,一般,
20261008,TX,202611,50103,50103,49464,49809,-335,-0.67%,404,NULL,-,49780,49806,50440,44435,,盤後,
20261008,TX,202612,49830,49975,49800,49832,-489,-0.97%,55,49711,903,49707,49715,50560,27382,,一般,
20261008,TX,202612,50248,50248,49697,49949,-372,-0.74%,35,NULL,-,49941,49968,50560,27382,,盤後,
20261008,TX,202703,50403,50543,50300,50300,-538,-1.06%,5,50264,129,50252,50277,51041,32400,,一般,
20261008,TX,202703,50600,50600,50300,50480,-358,-0.70%,8,NULL,-,50460,50508,51041,32400,,盤後,
20261008,TX,202706,50900,51000,50850,50852,-508,-0.99%,6,50802,80,50782,50823,51469,41461,,一般,
20261008,TX,202706,51200,51200,50930,50950,-410,-0.80%,3,NULL,-,50980,51033,51469,41461,,盤後,
20261008,TX,202709,50958,50958,50958,50958,-475,-0.92%,1,50861,39,50842,50881,51527,47604,,一般,
20261008,TX,202709,50858,51075,50858,51075,-358,-0.70%,9,NULL,-,51059,51108,51527,47604,,盤後,
20261008,TMF,202610,49505,49690,49337,49344,-624,-1.25%,120115,49357,76514,49343,49349,50264,39800,,一般,
20261008,TMF,202610,49922,49933,49259,49589,-379,-0.76%,173674,NULL,-,49588,49595,50264,39800,,盤後,
20261008,TMF,202611,49740,49888,49543,49547,-597,-1.19%,6847,49575,14260,49543,49558,50441,44430,,一般,
20261008,TMF,202611,50133,50133,49473,49798,-346,-0.69%,13585,NULL,-,49790,49803,50441,44430,,盤後,
20261008,TMF,202612,49900,50050,49710,49710,-611,-1.21%,948,49711,5908,49710,49724,50592,27406,,一般,
20261008,TMF,202612,50258,50268,49644,49947,-374,-0.74%,1745,NULL,-,49949,49972,50592,27406,,盤後,
20261008,TMF,202703,50491,50580,50280,50289,-549,-1.08%,116,50264,1972,50263,50289,51163,32250,,一般,
20261008,TMF,202703,50766,50766,50188,50538,-300,-0.59%,322,NULL,-,50471,50518,51163,32250,,盤後,
20261008,TMF,202706,50966,51120,50820,50820,-540,-1.05%,73,50802,1156,50806,50824,52005,41600,,一般,
20261008,TMF,202706,51318,51318,50693,50989,-371,-0.72%,120,NULL,-,50989,51040,52005,41600,,盤後,
20261008,TMF,202709,51000,51149,50900,50900,-533,-1.04%,101,50861,477,50836,50884,51668,47447,,一般,
20261008,TMF,202709,51437,51437,50780,51070,-363,-0.71%,126,NULL,-,51055,51084,51668,47447,,盤後,
20261008,TJF,202610,4110,4118,4093.5,4118,-37.25,-0.90%,18,4118,5,4001,4199,4198,3950,,一般,
20261008,TJF,202610,4148.5,4148.5,4129.5,4133.5,-21.75,-0.52%,206,NULL,-,4116,4157.5,4198,3950,,盤後,
20261008,TJF,202611,4112,4120.5,4069.5,4095,-61,-1.47%,252,4095,129,4012.25,4109.25,4199.5,3993.5,,一般,
20261008,TJF,202611,4150.25,4150.5,4128.5,4138,-18,-0.43%,276,NULL,-,4118,4157.5,4199.5,3993.5,,盤後,
20261008,TJF,202612,-,-,-,-,-,-,0,4129.75,1,3834,4500,3900,3412.5,,一般,
20261008,TJF,202612,-,-,-,-,-,-,0,NULL,-,-,-,3900,3412.5,,盤後,
20261008,TJF,202703,-,-,-,-,-,-,0,4136.25,0,3840,4507,-,-,,一般,
20261008,TJF,202703,-,-,-,-,-,-,0,NULL,-,-,-,-,-,,盤後,
20261008,TJF,202706,-,-,-,-,-,-,0,4112.25,0,3818,4481,-,-,,一般,
20261008,TJF,202706,-,-,-,-,-,-,0,NULL,-,-,-,-,-,,盤後,
20261008,TGF,202610,16049.5,16069,16039.5,16049.5,0,0.00%,44,16049.5,1854,15961,16090,18128.5,15643,,一般,
20261008,TGF,202610,15988.5,15988.5,15827.5,15942,-107.5,-0.67%,46,NULL,-,15901,16000,18128.5,15643,,盤後,
20261008,TGF,202612,16153,16153,16153,16153,-7,-0.04%,1,16153,662,16110,16239,17850,15950,,一般,
20261008,TGF,202612,16000,16066.5,15950,16066.5,-93.5,-0.58%,8,NULL,-,16016,16128.5,17850,15950,,盤後,
20261008,TGF,202702,-,-,-,-,-,-,0,16208,0,15770,16450,-,-,,一般,
20261008,TGF,202702,-,-,-,-,-,-,0,NULL,-,15399,17017,-,-,,盤後,
20261008,TGF,202704,-,-,-,-,-,-,0,16360,0,-,-,-,-,,一般,
20261008,TGF,202704,-,-,-,-,-,-,0,NULL,-,-,-,-,-,,盤後,
20261008,TGF,202706,-,-,-,-,-,-,0,16255.5,0,-,-,-,-,,一般,
20261008,TGF,202706,-,-,-,-,-,-,0,NULL,-,-,-,-,-,,盤後,
20261008,TGF,202708,-,-,-,-,-,-,0,16580.5,0,-,-,-,-,,一般,
20261008,TGF,202708,-,-,-,-,-,-,0,NULL,-,-,-,-,-,,盤後,
20261008,TF,202610,3613.8,3617.8,3550.8,3551.6,-56.2,-1.56%,120,3551.6,461,3550,3554.8,3692.8,3419,,一般,
20261008,TF,202610,3603.8,3607.8,3603.8,3607.8,0,0.00%,4,NULL,-,3588,3608.8,3692.8,3419,,盤後,
20261008,TF,202611,-,-,-,-,-,-,0,3564.2,0,3561,3567.4,-,-,,一般,
20261008,TF,202611,-,-,-,-,-,-,0,NULL,-,3591.8,3620.6,-,-,,盤後,
20261008,TF,202612,-,-,-,-,-,-,0,3456.6,0,-,-,-,-,,一般,
20261008,TF,202612,-,-,-,-,-,-,0,NULL,-,-,-,-,-,,盤後,
20261008,TF,202703,-,-,-,-,-,-,0,3554.8,0,-,-,-,-,,一般,
20261008,TF,202703,-,-,-,-,-,-,0,NULL,-,-,-,-,-,,盤後,
20261008,TF,202706,-,-,-,-,-,-,0,3579.8,0,-,-,-,-,,一般,
20261008,TF,202706,-,-,-,-,-,-,0,NULL,-,-,-,-,-,,盤後,
20261008,TF,202709,-,-,-,-,-,-,0,3477.6,0,-,-,-,-,,一般,
20261008,TF,202709,-,-,-,-,-,-,0,NULL,-,-,-,-,-,,盤後,
20261008,TE,202610,3135,3160.4,3135,3136.25,-48.15,-1.51%,44,3136.9,421,3136.05,3149.15,3218.5,2809,,一般,
20261008,TE,202610,3173.3,3185,3128.8,3150.45,-33.95,-1.07%,160,NULL,-,3133.05,3152.7,3218.5,2809,,盤後,
20261008,TE,202611,-,-,-,-,-,-,0,3149.55,2,3147.6,3166.1,2982,2981,,一般,
20261008,TE,202611,-,-,-,-,-,-,0,NULL,-,3144.2,3167.65,2982,2981,,盤後,
20261008,TE,202612,-,-,-,-,-,-,0,2942.7,0,-,-,-,-,,一般,
20261008,TE,202612,-,-,-,-,-,-,0,NULL,-,-,-,-,-,,盤後,
20261008,TE,202703,-,-,-,-,-,-,0,2982.15,0,-,-,-,-,,一般,
20261008,TE,202703,-,-,-,-,-,-,0,NULL,-,-,-,-,-,,盤後,
20261008,TE,202706,-,-,-,-,-,-,0,3244.3,0,-,-,-,-,,一般,
20261008,TE,202706,-,-,-,-,-,-,0,NULL,-,-,-,-,-,,盤後,
20261008,TE,202709,-,-,-,-,-,-,0,3210.5,0,-,-,-,-,,一般,
20261008,TE,202709,-,-,-,-,-,-,0,NULL,-,-,-,-,-,,盤後,
20261008,SZF,202610,571,580,557,574,4,0.70%,327,574,1701,574,575,596,465,,一般,
20261008,SZF,202611,579,579,565,575,1,0.17%,19,575,109,575,577,587,521,,一般,
20261008,SZF,202612,-,-,-,-,-,-,0,578,52,574,594,552,370,,一般,
20261008,SZF,202703,-,-,-,-,-,-,0,569,0,555,-,-,-,,一般,
20261008,SZF,202706,-,-,-,-,-,-,0,570,0,-,-,-,-,,一般,
20261008,SYF,202610,570,571,560,571,1,0.18%,25,574,161,572,580,593,478,,一般,
20261008,SYF,202611,-,-,-,-,-,-,0,575,14,573,582,539,534,,一般,
20261008,SYF,202612,-,-,-,-,-,-,0,578,0,-,-,474.5,474.5,,一般,
20261008,SYF,202703,-,-,-,-,-,-,0,569,0,-,-,-,-,,一般,
20261008,SYF,202706,-,-,-,-,-,-,0,570,0,-,-,-,-,,一般,
20261008,SXF,202612,13171,13223,13145,13145,-160,-1.20%,20,13145,384,13130,13154.5,14198,10875.5,,一般,
20261008,SXF,202612,13301.5,13320,12988,13140,-165,-1.24%,86,NULL,-,13140,13210,14198,10875.5,,盤後,
20261008,SXF,202703,-,-,-,-,-,-,0,13275,11,13258.5,13288,13578,11888,,一般,
20261008,SXF,202703,13431.5,13431.5,13431.5,13431.5,-3.5,-0.03%,3,NULL,-,13270.5,13344,13578,11888,,盤後,
20261008,SXF,202706,-,-,-,-,-,-,0,13274,0,-,-,-,-,,一般,
20261008,SXF,202706,-,-,-,-,-,-,0,NULL,-,-,-,-,-,,盤後,
20261008,SXF,202709,-,-,-,-,-,-,0,13448.5,0,-,-,-,-,,一般,
20261008,SXF,202709,-,-,-,-,-,-,0,NULL,-,-,-,-,-,,盤後,
20261008,SWF,202610,89.1,89.5,89.1,89.3,-0.2,-0.22%,31,89.3,532,89.4,90.4,98.2,88.3,,一般,
20261008,SWF,202611,-,-,-,-,-,-,0,89.3,5,89.5,91.3,-,-,,一般,
20261008,SWF,202612,-,-,-,-,-,-,0,89.3,0,-,-,-,-,,一般,
20261008,SWF,202703,-,-,-,-,-,-,0,89.6,0,-,-,-,-,,一般,
20261008,SWF,202706,-,-,-,-,-,-,0,89.6,1,-,-,94.9,94.9,,一般,
20261008,SW1,202610,89.7,89.7,89.7,89.7,-0.3,-0.33%,13,89.8,95,-,-,100,85.4,,一般,
20261008,SW1,202612,-,-,-,-,-,-,0,89.8,8,-,-,133.5,86.1,,一般,
20261008,SW1,202706,-,-,-,-,-,-,0,90.1,6,-,-,120,100,,一般,
20261008,SVF,202610,10855,11260,10735,10735,-1190,-9.98%,2512,10735,1476,-,10735,14790,10735,,一般,
20261008,SVF,202611,10835,11230,10735,10735,-1190,-9.98%,884,10735,228,-,10735,13600,10735,,一般,
20261008,SVF,202612,10835,10835,10740,10770,-1160,-9.72%,162,10740,16,-,10775,14050,7905,,一般,
20261008,SVF,202703,10720,10800,10720,10800,-1110,-9.32%,45,10720,7,-,10900,13335,10720,,一般,
20261008,SVF,202706,11205,11205,10720,10875,-1035,-8.69%,23,10720,11,-,-,13400,10720,,一般,
20261008,SUF,202610,13.26,13.26,13.26,13.26,-0.02,-0.15%,2,13.26,314,13.16,13.27,13.31,12.48,,一般,
20261008,SUF,202611,13.27,13.27,13.24,13.24,-0.09,-0.68%,8,13.24,39,13.16,13.29,13.36,13.05,,一般,
20261008,SUF,202612,-,-,-,-,-,-,0,13.32,11,13.18,13.6,13.28,9.81,,一般,
20261008,SUF,202703,-,-,-,-,-,-,0,13.19,1,13.09,-,10.62,10.62,,一般,
20261008,SUF,202706,-,-,-,-,-,-,0,13.28,1,12.93,-,13.08,13.08,,一般,
20261008,SSF,202610,58.35,58.35,58.15,58.3,-0.25,-0.43%,36,58.3,179,58.25,58.4,58.75,51.95,,一般,
20261008,SSF,202611,58.5,58.55,58.5,58.5,-0.2,-0.34%,14,58.45,63,58.5,58.7,58.8,56.25,,一般,
20261008,SSF,202612,-,-,-,-,-,-,0,58.4,3,58.65,-,55.65,39.8,,一般,
20261008,SSF,202703,-,-,-,-,-,-,0,58.45,5,-,-,55.3,49,,一般,
20261008,SSF,202706,-,-,-,-,-,-,0,58.45,9,58.7,-,58.15,54.55,,一般,
20261008,SRF,202610,115.6,115.85,114.95,115,-1.55,-1.33%,3727,114.95,12538,114.95,115,117.5,102.8,,一般,
20261008,SRF,202610,116.1,116.2,115.05,115.7,-0.85,-0.73%,4147,NULL,-,115.7,115.75,117.5,102.8,,盤後,
20261008,SRF,202611,116.3,116.3,115.3,115.3,-1.7,-1.45%,1192,115.3,4759,115.3,115.4,117.85,108.4,,一般,
20261008,SRF,202611,116.55,116.55,115.45,116.1,-0.9,-0.77%,1348,NULL,-,116.05,116.15,117.85,108.4,,盤後,
20261008,SRF,202612,116.3,116.65,115.75,115.75,-1.55,-1.32%,120,115.75,1147,115.7,115.8,118.7,74.25,,一般,
20261008,SRF,202612,116.65,116.75,115.85,116.5,-0.8,-0.68%,165,NULL,-,116.45,116.55,118.7,74.25,,盤後,
20261008,SRF,202703,-,-,-,-,-,-,0,116.7,101,117,117.95,119.45,94.1,,一般,
20261008,SRF,202703,118.2,118.2,117.3,118.15,-0.15,-0.13%,5,NULL,-,117.3,118.2,119.45,94.1,,盤後,
20261008,SRF,202706,-,-,-,-,-,-,0,115.85,44,116,-,118,96.55,,一般,
20261008,SRF,202706,-,-,-,-,-,-,0,NULL,-,117,-,118,96.55,,盤後,
20261008,SQF,202610,-,-,-,-,-,-,0,30.87,0,-,-,-,-,,一般,
20261008,SQF,202611,-,-,-,-,-,-,0,30.9,0,-,-,-,-,,一般,
20261008,SQF,202612,-,-,-,-,-,-,0,30.98,0,-,-,-,-,,一般,
20261008,SQF,202703,-,-,-,-,-,-,0,30.9,0,-,-,-,-,,一般,
20261008,SQF,202706,-,-,-,-,-,-,0,30.77,0,-,-,-,-,,一般,
20261008,SPF,202612,7863.25,7863.25,7863.25,7863.25,-14.75,-0.19%,1,7863.25,80,-,-,7880,7605.75,,一般,
20261008,SPF,202612,7880,7880,7851.25,7851.25,-26.75,-0.34%,4,NULL,-,7328.25,8429,7880,7605.75,,盤後,
20261008,SPF,202703,-,-,-,-,-,-,0,7943,0,-,-,-,-,,一般,
20261008,SPF,202703,-,-,-,-,-,-,0,NULL,-,7406.75,8513,-,-,,盤後,
20261008,SPF,202706,-,-,-,-,-,-,0,8015.5,0,-,-,-,-,,一般,
20261008,SPF,202706,-,-,-,-,-,-,0,NULL,-,-,-,-,-,,盤後,
20261008,SPF,202709,-,-,-,-,-,-,0,8101.5,0,-,-,-,-,,一般,
20261008,SPF,202709,-,-,-,-,-,-,0,NULL,-,-,-,-,-,,盤後,
20261008,SPF,202712,-,-,-,-,-,-,0,8192,0,-,-,-,-,,一般,
20261008,SPF,202712,-,-,-,-,-,-,0,NULL,-,-,-,-,-,,盤後,
20261008,SOF,202610,17106,17170,17106,17118,-209,-1.21%,7,17118,25,17037,17199,17622,15095,,一般,
20261008,SOF,202610,17256,17256,17023,17130,-197,-1.14%,31,NULL,-,16980,17358,17622,15095,,盤後,
20261008,SOF,202611,17160,17231,17160,17213,-161,-0.93%,4,17180,8,17091,17269,17515,16173,,一般,
20261008,SOF,202611,17307,17307,17182,17182,-192,-1.11%,16,NULL,-,17031,17412,17515,16173,,盤後,
20261008,SOF,202612,-,-,-,-,-,-,0,16695,0,-,-,-,-,,一般,
20261008,SOF,202612,-,-,-,-,-,-,0,NULL,-,-,-,-,-,,盤後,
20261008,SOF,202703,-,-,-,-,-,-,0,16684,0,-,-,-,-,,一般,
20261008,SOF,202703,-,-,-,-,-,-,0,NULL,-,-,-,-,-,,盤後,
20261008,SOF,202706,-,-,-,-,-,-,0,17384,0,-,-,-,-,,一般,
20261008,SOF,202706,-,-,-,-,-,-,0,NULL,-,-,-,-,-,,盤後,
20261008,SOF,202709,-,-,-,-,-,-,0,17557,0,-,-,-,-,,一般,
20261008,SOF,202709,-,-,-,-,-,-,0,NULL,-,-,-,-,-,,盤後,
20261008,SNF,202610,29.94,30.08,29.85,30.08,-0.08,-0.27%,161,30.08,256,29.9,30.25,30.2,28.2,,一般,
20261008,SNF,202611,30.04,30.08,30,30.08,-0.11,-0.36%,10,30.08,142,30.01,30.36,30.25,28.68,,一般,
20261008,SNF,202612,-,-,-,-,-,-,0,30.2,5,30,-,29.49,20.03,,一般,
20261008,SNF,202703,-,-,-,-,-,-,0,30.05,1,30,-,22.63,22.63,,一般,
20261008,SNF,202706,-,-,-,-,-,-,0,30.07,49,30,-,30.64,27,,一般,
20261008,SMF,202610,31.7,31.74,31.64,31.65,-0.29,-0.91%,139,31.65,631,31.65,31.89,33.21,30.2,,一般,
20261008,SMF,202611,31.77,31.78,31.73,31.73,-0.34,-1.06%,9,31.73,219,31.72,31.99,32.49,31.55,,一般,
20261008,SMF,202612,-,-,-,-,-,-,0,31.86,27,31.7,-,32.62,24.63,,一般,
20261008,SMF,202703,31.72,31.72,31.72,31.72,-0.49,-1.52%,1,31.72,6,31.69,-,33,24.24,,一般,
20261008,SMF,202706,-,-,-,-,-,-,0,31.73,44,31.69,-,34.27,31.31,,一般,
20261008,SLF,202610,362,363,357,358.5,-4,-1.10%,878,359,5229,358.5,359,396,335.5,,一般,
20261008,SLF,202611,358.5,363,358,358,-3,-0.83%,172,359,1138,357.5,358,395,358,,一般,
20261008,SLF,202612,-,-,-,-,-,-,0,363.5,6,346.5,374,385,222,,一般,
20261008,SLF,202703,-,-,-,-,-,-,0,358.5,0,-,-,-,-,,一般,
20261008,SLF,202706,-,-,-,-,-,-,0,360,0,-,-,-,-,,一般,
20261008,SKF,202610,85,86,84.6,85.1,1.4,1.67%,182,85.1,695,84.8,85.2,97.5,82,,一般,
20261008,SKF,202611,86,86,85.1,85.1,1.3,1.55%,57,85.1,89,85.1,85.5,86,83.5,,一般,
20261008,SKF,202612,-,-,-,-,-,-,0,85.9,12,85,-,98.8,83.6,,一般,
20261008,SKF,202703,-,-,-,-,-,-,0,84.7,0,-,-,-,-,,一般,
20261008,SKF,202706,-,-,-,-,-,-,0,85.2,0,-,-,-,-,,一般,
20261008,SJF,202610,118,118,118,118,0,0.00%,1,118.5,117,118.5,119,125.5,112.5,,一般,
20261008,SJF,202611,-,-,-,-,-,-,0,118.5,32,118.5,119,120,117,,一般,
20261008,SJF,202612,-,-,-,-,-,-,0,117.5,0,114.5,123,117,105.5,,一般,
20261008,SJF,202703,-,-,-,-,-,-,0,117.5,0,-,-,-,-,,一般,
20261008,SJF,202706,-,-,-,-,-,-,0,118,0,-,-,-,-,,一般,
20261008,SIF,202610,-,-,-,-,-,-,0,31.22,3,-,-,31.3,30.98,,一般,
20261008,SIF,202611,-,-,-,-,-,-,0,31.27,17,30.85,-,31.03,31.03,,一般,
20261008,SIF,202612,-,-,-,-,-,-,0,30.92,0,-,-,-,-,,一般,
20261008,SIF,202703,-,-,-,-,-,-,0,30.65,1,-,-,-,-,,一般,
20261008,SIF,202706,-,-,-,-,-,-,0,30.57,0,-,-,-,-,,一般,
20261008,SHF,202610,209.8,209.85,209.1,209.15,0.6,0.29%,36,209.15,0,-,-,217.5,207.6,,一般,
20261008,SHF,202611,-,-,-,-,-,-,0,208.35,1,-,-,213.05,213.05,,一般,
20261008,SHF,202612,-,-,-,-,-,-,0,199.55,0,-,-,-,-,,一般,
20261008,SHF,202703,-,-,-,-,-,-,0,206.65,0,-,-,-,-,,一般,
20261008,SHF,202706,-,-,-,-,-,-,0,202.85,0,-,-,-,-,,一般,
20261008,SHF,202709,-,-,-,-,-,-,0,205,0,-,-,-,-,,一般,
20261008,SGF,202610,-,-,-,-,-,-,0,47.28,2,44.46,51.05,47.03,43.9,,一般,
20261008,SGF,202611,-,-,-,-,-,-,0,47.27,0,-,-,47.02,46.36,,一般,
20261008,SGF,202612,-,-,-,-,-,-,0,46.87,0,-,-,-,-,,一般,
20261008,SGF,202703,-,-,-,-,-,-,0,46.94,0,-,-,-,-,,一般,
20261008,SGF,202706,-,-,-,-,-,-,0,47.03,0,-,-,-,-,,一般,
20261008,SFF,202610,5920,6095,5765,6015,20,0.33%,3661,6010,7457,6015,6020,6370,4670,,一般,
20261008,SFF,202611,5940,6105,5785,6025,20,0.33%,370,6025,663,6030,6040,6365,4700,,一般,
20261008,SFF,202612,5980,5980,5980,5980,-25,-0.42%,1,6025,50,6025,6160,6360,2830,,一般,
20261008,SFF,202703,-,-,-,-,-,-,0,6010,4,6010,6220,6060,4045,,一般,
20261008,SFF,202706,-,-,-,-,-,-,0,6010,1,6010,6270,5785,5785,,一般,
20261008,SEF,202610,2020,2111,1974,2091,60,2.95%,2796,2089,5769,2086,2090,2235,1783,,一般,
20261008,SEF,202611,2008,2117,1980,2095,57,2.80%,249,2095,850,2091,2097,2151,1788,,一般,
20261008,SEF,202612,2045,2075,2045,2075,30,1.47%,2,2075,29,2080,2160,2735,1335,,一般,
20261008,SEF,202703,-,-,-,-,-,-,0,2090,4,2016,2154,2745,2072,,一般,
20261008,SEF,202706,-,-,-,-,-,-,0,2090,3,-,-,2160,1947,,一般,
20261008,SDF,202610,169.5,169.5,166.5,167,-2.5,-1.47%,47,167,668,167,167.5,172.5,162,,一般,
20261008,SDF,202611,168,168,167,167,-2.5,-1.47%,25,167,44,167,168,170,167,,一般,
20261008,SDF,202612,167.5,167.5,167.5,167.5,-2,-1.18%,1,167.5,20,167.5,168.5,194,144,,一般,
20261008,SDF,202703,-,-,-,-,-,-,0,167.5,2,161.5,173,188,159,,一般,
20261008,SDF,202706,-,-,-,-,-,-,0,168,1,-,-,173,160.5,,一般,
20261008,SCF,202610,204.5,205.5,203.5,203.5,0,0.00%,13,203.5,446,203.5,205,208,190,,一般,
20261008,SCF,202611,205,-,-,205,0,0.00%,1,205,43,202,206.5,207.5,191,,一般,
20261008,SCF,202612,-,-,-,-,-,-,0,201,2,197,212,232,196,,一般,
20261008,SCF,202703,-,-,-,-,-,-,0,201.5,0,-,-,-,-,,一般,
20261008,SCF,202706,-,-,-,-,-,-,0,201.5,0,-,-,-,-,,一般,
20261008,SBF,202610,12.85,12.85,12.8,12.8,-0.2,-1.54%,6,12.8,254,12.7,13,13.85,12.65,,一般,
20261008,SBF,202611,-,-,-,-,-,-,0,12.8,46,12.8,13.1,13.35,12.75,,一般,
20261008,SBF,202612,-,-,-,-,-,-,0,12.65,0,-,-,-,-,,一般,
20261008,SBF,202703,-,-,-,-,-,-,0,12.65,0,-,-,-,-,,一般,
20261008,SBF,202706,-,-,-,-,-,-,0,12.65,0,-,-,-,-,,一般,
20261008,SAF,202610,180.5,181,180.5,181,-1.5,-0.82%,6,181,209,180,182.5,188,171,,一般,
20261008,SAF,202611,180.5,181,180,180,-1.5,-0.83%,4,180,36,178.5,181,181.5,175.5,,一般,
20261008,SAF,202612,-,-,-,-,-,-,0,181.5,0,174,191,-,-,,一般,
20261008,SAF,202703,-,-,-,-,-,-,0,181.5,0,-,-,-,-,,一般,
20261008,SAF,202706,-,-,-,-,-,-,0,181.5,0,-,-,-,-,,一般,
20261008,SA1,202610,-,-,-,-,-,-,0,181,41,-,188,198,174,,一般,
20261008,RZF,202610,24.39,24.4,24.33,24.33,-0.05,-0.21%,116,24.33,10912,24.32,24.34,26.43,24.21,,一般,
20261008,RZF,202610,24.31,24.45,24.21,24.42,0.04,0.16%,181,NULL,-,24.38,24.42,26.43,24.21,,盤後,
20261008,RZF,202611,24.41,24.42,24.37,24.37,-0.05,-0.20%,65,24.37,1310,24.35,24.37,25.85,24.23,,一般,
20261008,RZF,202611,24.31,24.47,24.23,24.46,0.04,0.16%,26,NULL,-,24.42,24.46,25.85,24.23,,盤後,
20261008,RZF,202612,24.43,24.44,24.4,24.4,-0.04,-0.16%,18,24.4,2092,24.4,24.42,28.57,24.28,,一般,
20261008,RZF,202612,24.35,24.44,24.28,24.44,0,0.00%,29,NULL,-,24.44,24.49,28.57,24.28,,盤後,
20261008,RZF,202703,24.61,24.61,24.61,24.61,0.01,0.04%,2,24.61,349,24.6,24.66,28.22,24.53,,一般,
20261008,RZF,202703,24.53,24.6,24.53,24.6,0,0.00%,3,NULL,-,24.61,24.74,28.22,24.53,,盤後,
20261008,RZF,202706,24.76,24.76,24.76,24.76,-0.06,-0.24%,2,24.76,205,24.75,24.84,28.07,24.73,,一般,
20261008,RZF,202706,24.74,24.74,24.73,24.73,-0.09,-0.36%,4,NULL,-,24.72,24.92,28.07,24.73,,盤後,
20261008,RYF,202610,-,-,-,-,-,-,0,42.39,105,42.31,-,43.16,39.11,,一般,
20261008,RYF,202611,42.55,42.66,42.55,42.56,-0.43,-1.00%,4,42.56,82,42.3,-,43.26,40.17,,一般,
20261008,RYF,202612,-,-,-,-,-,-,0,42.13,4,-,-,43.01,40.36,,一般,
20261008,RYF,202703,-,-,-,-,-,-,0,42.32,3,-,-,43.36,38.6,,一般,
20261008,RYF,202706,-,-,-,-,-,-,0,42.1,1,-,-,43.15,43.15,,一般,
20261008,RXF,202610,-,-,-,-,-,-,0,17.69,32,17.64,17.74,18.93,17.79,,一般,
20261008,RXF,202611,-,-,-,-,-,-,0,17.72,2,17.67,17.77,17.74,17.74,,一般,
20261008,RXF,202612,-,-,-,-,-,-,0,17.52,0,-,-,-,-,,一般,
20261008,RXF,202703,-,-,-,-,-,-,0,17.52,0,17.69,-,-,-,,一般,
20261008,RXF,202706,-,-,-,-,-,-,0,17.51,0,-,-,-,-,,一般,
20261008,RWF,202610,8445,8635,8370,8375,-145,-1.70%,3078,8380,5522,8375,8390,9040,5250,,一般,
20261008,RWF,202611,8435,8635,8400,8400,-145,-1.70%,203,8400,902,8390,8410,9010,6465,,一般,
20261008,RWF,202612,-,-,-,-,-,-,0,8380,21,8380,8540,8765,2335,,一般,
20261008,RWF,202703,-,-,-,-,-,-,0,8375,4,8385,8690,8000,4875,,一般,
20261008,RWF,202706,-,-,-,-,-,-,0,8385,0,8380,8790,-,-,,一般,
20261008,RVF,202610,1990,1998,1954,1977,-14,-0.70%,5285,1978,15069,1977,1978,2120,1565,,一般,
20261008,RVF,202611,1998,2002,1962,1985,-13,-0.65%,729,1984,2349,1984,1986,2120,1700,,一般,
20261008,RVF,202612,1998,2000,1970,1992,-21,-1.04%,29,1992,448,1989,1994,2585,1170,,一般,
20261008,RVF,202703,-,-,-,-,-,-,0,1997,27,1984,2097,2350,1520,,一般,
20261008,RVF,202706,-,-,-,-,-,-,0,1992,16,1992,-,2062,1520,,一般,
20261008,RUF,202610,88.3,90,88.2,90,0.5,0.56%,19,89.3,320,88.8,89.8,94.9,88.2,,一般,
20261008,RUF,202611,-,-,-,-,-,-,0,89.3,4,87.8,90.7,89.6,89.3,,一般,
20261008,RUF,202612,-,-,-,-,-,-,0,89.3,0,-,-,-,-,,一般,
20261008,RUF,202703,-,-,-,-,-,-,0,89.6,0,-,-,-,-,,一般,
20261008,RUF,202706,-,-,-,-,-,-,0,89.6,0,-,-,-,-,,一般,
20261008,RU1,202610,-,-,-,-,-,-,0,89.8,52,-,-,100.5,89.7,,一般,
20261008,RU1,202612,-,-,-,-,-,-,0,89.8,2,90,-,112.5,104,,一般,
20261008,RTF,202610,-,-,-,-,-,-,0,6.699,10,6.6986,6.6994,6.7159,6.6765,,一般,
20261008,RTF,202610,-,-,-,-,-,-,0,NULL,-,-,-,6.7159,6.6765,,盤後,
20261008,RTF,202611,-,-,-,-,-,-,0,6.6853,0,6.6849,6.6857,6.6668,6.6666,,一般,
20261008,RTF,202611,-,-,-,-,-,-,0,NULL,-,-,-,6.6668,6.6666,,盤後,
20261008,RTF,202612,-,-,-,-,-,-,0,6.6713,116,6.6706,6.672,6.975,6.6478,,一般,
20261008,RTF,202612,-,-,-,-,-,-,0,NULL,-,-,-,6.975,6.6478,,盤後,
20261008,RTF,202703,-,-,-,-,-,-,0,6.6226,0,6.6215,6.6237,6.7463,6.6117,,一般,
20261008,RTF,202703,-,-,-,-,-,-,0,NULL,-,-,-,6.7463,6.6117,,盤後,
20261008,RTF,202706,-,-,-,-,-,-,0,6.5689,0,6.5674,6.5704,6.6011,6.6011,,一般,
20261008,RTF,202706,-,-,-,-,-,-,0,NULL,-,-,-,6.6011,6.6011,,盤後,
20261008,RTF,202709,-,-,-,-,-,-,0,6.5142,2,6.5127,6.5157,6.5092,6.5092,,一般,
20261008,RTF,202709,-,-,-,-,-,-,0,NULL,-,-,-,6.5092,6.5092,,盤後,
20261008,RSF,202610,3000,3050,2885,2890,-115,-3.83%,841,2885,2413,2890,2895,3635,2180,,一般,
20261008,RSF,202611,2995,3045,2900,2900,-115,-3.81%,108,2900,388,2900,2910,3640,2705,,一般,
20261008,RSF,202612,-,-,-,-,-,-,0,2900,11,2900,3000,3455,2300,,一般,
20261008,RSF,202703,-,-,-,-,-,-,0,2850,1,2785,-,3220,3220,,一般,
20261008,RSF,202706,-,-,-,-,-,-,0,2845,0,-,-,-,-,,一般,
20261008,RRF,202610,69.9,69.9,69.5,69.5,-0.5,-0.71%,8,69.5,293,69.4,69.7,73.9,68.4,,一般,
20261008,RRF,202611,69.8,69.8,69.8,69.8,-0.6,-0.85%,4,69.8,23,-,70.2,70.8,68.7,,一般,
20261008,RRF,202612,-,-,-,-,-,-,0,69.7,13,-,-,89,69.5,,一般,
20261008,RRF,202703,-,-,-,-,-,-,0,69.6,0,-,-,-,-,,一般,
20261008,RRF,202706,-,-,-,-,-,-,0,69.6,0,-,-,-,-,,一般,
20261008,RPF,202610,69.8,69.8,69.7,69.7,-0.3,-0.43%,2,69.5,68,69.2,69.7,74,68.3,,一般,
20261008,RPF,202611,-,-,-,-,-,-,0,69.8,5,63.5,70.1,72.3,68.8,,一般,
20261008,RPF,202612,-,-,-,-,-,-,0,69.7,1,-,-,76.2,76.2,,一般,
20261008,RPF,202703,-,-,-,-,-,-,0,69.6,0,-,-,-,-,,一般,
20261008,RPF,202706,-,-,-,-,-,-,0,69.6,0,-,-,-,-,,一般,
20261008,ROF,202610,87,88.4,87,88,1,1.15%,4,88,44,85.8,89,90,78,,一般,
20261008,ROF,202611,-,-,-,-,-,-,0,88,1,85.8,89.6,89.2,85.8,,一般,
20261008,ROF,202612,-,-,-,-,-,-,0,88,4,82.9,92,88.7,83.5,,一般,
20261008,ROF,202703,-,-,-,-,-,-,0,87.4,0,-,-,-,-,,一般,
20261008,ROF,202706,-,-,-,-,-,-,0,87.6,0,-,-,-,-,,一般,
20261008,RNF,202610,48.3,48.3,48.3,48.3,0.45,0.94%,1,48.3,121,47.25,48.75,49.65,43.4,,一般,
20261008,RNF,202611,-,-,-,-,-,-,0,48.55,29,47.5,48.7,49.5,45.2,,一般,
20261008,RNF,202612,-,-,-,-,-,-,0,48.8,9,-,-,57.6,47.85,,一般,
20261008,RNF,202703,-,-,-,-,-,-,0,48.15,9,-,-,61,50,,一般,
20261008,RNF,202706,-,-,-,-,-,-,0,48.05,1,-,-,45.5,45.5,,一般,
20261008,RLF,202612,26.95,27,26.9,26.9,-0.45,-1.65%,16,26.9,575,26.9,27,51.1,22.75,,一般,
20261008,RKF,202610,1235,1290,1222,1273,28,2.25%,580,1274,1813,1273,1289,1310,957,,一般,
20261008,RKF,202611,1250,1291,1224,1278,28,2.24%,21,1276,122,1275,1293,1299,962,,一般,
20261008,RKF,202612,1273,1273,1273,1273,18,1.43%,1,1290,3,-,1315,1273,1075,,一般,
20261008,RKF,202703,-,-,-,-,-,-,0,1282,0,-,-,-,-,,一般,
20261008,RKF,202706,-,-,-,-,-,-,0,1263,0,-,-,-,-,,一般,
20261008,RJF,202610,39.3,39.4,38.4,38.45,-0.85,-2.16%,40,38.45,289,38.35,38.6,40.1,37.2,,一般,
20261008,RJF,202611,38.8,38.8,38.7,38.7,-0.55,-1.40%,2,38.7,49,38.35,38.75,39,37.85,,一般,
20261008,RJF,202612,-,-,-,-,-,-,0,38.4,3,-,-,35.4,34,,一般,
20261008,RJF,202703,-,-,-,-,-,-,0,38.5,0,-,-,-,-,,一般,
20261008,RJF,202706,-,-,-,-,-,-,0,38.4,0,-,-,-,-,,一般,
20261008,RIF,202610,35.1,35.13,34.99,35.05,-0.3,-0.85%,58,35.05,334,34.93,35.05,35.62,32.2,,一般,
20261008,RIF,202611,35.2,35.23,35.09,35.09,-0.39,-1.10%,19,35.09,180,35.02,35.15,35.74,34.87,,一般,
20261008,RIF,202612,-,-,-,-,-,-,0,35.35,27,35,35.75,36,22.7,,一般,
20261008,RIF,202703,-,-,-,-,-,-,0,35.43,4,35.15,-,28.49,28.37,,一般,
20261008,RIF,202706,-,-,-,-,-,-,0,35.27,12,34.99,-,35.1,33.3,,一般,
20261008,RHF,202610,6.6997,6.6997,6.6988,6.6988,-0.0011,-0.02%,20,6.6994,40,6.699,6.6998,6.7122,6.6814,,一般,
20261008,RHF,202610,-,-,-,-,-,-,0,NULL,-,-,-,6.7122,6.6814,,盤後,
20261008,RHF,202611,-,-,-,-,-,-,0,6.6853,0,6.6849,6.6857,6.6847,6.6846,,一般,
20261008,RHF,202611,-,-,-,-,-,-,0,NULL,-,-,-,6.6847,6.6846,,盤後,
20261008,RHF,202612,-,-,-,-,-,-,0,6.6713,0,6.6706,6.672,6.788,6.6496,,一般,
20261008,RHF,202612,-,-,-,-,-,-,0,NULL,-,-,-,6.788,6.6496,,盤後,
20261008,RHF,202703,-,-,-,-,-,-,0,6.6222,20,6.6211,6.6233,6.7486,6.6144,,一般,
20261008,RHF,202703,-,-,-,-,-,-,0,NULL,-,-,-,6.7486,6.6144,,盤後,
20261008,RHF,202706,-,-,-,-,-,-,0,6.569,0,6.567,6.571,-,-,,一般,
20261008,RHF,202706,-,-,-,-,-,-,0,NULL,-,-,-,-,-,,盤後,
20261008,RHF,202709,-,-,-,-,-,-,0,6.5144,0,6.5124,6.5164,-,-,,一般,
20261008,RHF,202709,-,-,-,-,-,-,0,NULL,-,-,-,-,-,,盤後,
20261008,RGF,202610,6800,7270,6760,7180,300,4.36%,2417,7180,2985,7175,7180,7450,4995,,一般,
20261008,RGF,202611,6865,7270,6865,7225,320,4.63%,172,7200,219,7195,7205,7430,5405,,一般,
20261008,RGF,202612,7100,7100,7100,7100,210,3.05%,1,7190,9,7170,7285,7155,2775,,一般,
20261008,RGF,202703,-,-,-,-,-,-,0,7115,0,-,-,-,-,,一般,
20261008,RGF,202706,-,-,-,-,-,-,0,7080,0,-,-,-,-,,一般,
20261008,RFF,202610,1838,1944,1813,1934,96,5.22%,1416,1934,2220,1934,1940,1944,1501,,一般,
20261008,RFF,202611,1883,1948,1870,1942,97,5.26%,116,1942,231,1940,1948,1948,1567,,一般,
20261008,RFF,202612,1905,1905,1905,1905,64,3.48%,1,1937,10,1933,1956,2515,1510,,一般,
20261008,RFF,202703,-,-,-,-,-,-,0,1913,4,1879,-,2520,1562,,一般,
20261008,RFF,202706,-,-,-,-,-,-,0,1916,0,-,-,-,-,,一般,
20261008,REF,202610,159,162,152.5,154.5,-7,-4.33%,1539,155,3064,154.5,155,168,110.5,,一般,
20261008,REF,202611,158.5,158.5,152.5,154.5,-7,-4.33%,130,154.5,287,154,155,167.5,115,,一般,
20261008,REF,202612,-,-,-,-,-,-,0,154.5,259,153.5,155,216,75.7,,一般,
20261008,REF,202703,-,-,-,-,-,-,0,155,3,-,-,196.5,137.5,,一般,
20261008,REF,202706,-,-,-,-,-,-,0,155,0,-,-,-,-,,一般,
20261008,RDF,202610,15.75,15.75,15.7,15.7,0.15,0.96%,4,15.7,47,15.45,16.85,16,14.35,,一般,
20261008,RDF,202611,15.85,15.85,15.85,15.85,0.3,1.93%,2,15.7,2,15.6,17,15.85,15.85,,一般,
20261008,RDF,202612,-,-,-,-,-,-,0,15.65,1,-,-,17.3,17.3,,一般,
20261008,RDF,202703,-,-,-,-,-,-,0,15.65,0,-,-,-,-,,一般,
20261008,RDF,202706,-,-,-,-,-,-,0,15.7,0,-,-,-,-,,一般,
20261008,RCF,202610,63.6,63.8,63,63.5,-0.2,-0.31%,99,63.5,1152,63.4,63.6,76.4,61.7,,一般,
20261008,RCF,202611,63.3,63.3,63.3,63.3,-0.2,-0.31%,18,63.3,228,63.1,63.4,66,62.5,,一般,
20261008,RCF,202612,-,-,-,-,-,-,0,63.4,3,63.4,-,72.9,48.7,,一般,
20261008,RCF,202703,-,-,-,-,-,-,0,63.5,0,-,-,-,-,,一般,
20261008,RCF,202706,-,-,-,-,-,-,0,63.5,0,-,-,-,-,,一般,
20261008,RBF,202610,76,76,73.1,73.9,-0.6,-0.81%,64,73.9,412,73.5,73.9,79,71,,一般,
20261008,RBF,202611,73.3,73.3,73.3,73.3,-1.6,-2.14%,39,73.3,91,73.5,74,75.9,71,,一般,
20261008,RBF,202612,-,-,-,-,-,-,0,74.1,4,-,-,80.8,72,,一般,
20261008,RBF,202703,-,-,-,-,-,-,0,73.3,0,-,-,-,-,,一般,
20261008,RBF,202706,-,-,-,-,-,-,0,73,0,-,-,-,-,,一般,
20261008,RAF,202610,3435,3530,3415,3475,-90,-2.52%,214,3460,979,3445,3470,3720,3020,,一般,
20261008,RAF,202611,3525,3525,3470,3480,-100,-2.79%,56,3475,328,3455,3485,3715,3260,,一般,
20261008,RAF,202612,-,-,-,-,-,-,0,3475,1,-,-,3400,3400,,一般,
20261008,RAF,202703,-,-,-,-,-,-,0,3415,0,-,-,-,-,,一般,
20261008,RAF,202706,-,-,-,-,-,-,0,3415,0,-,-,-,-,,一般,
20261008,QZF,202610,73,75.8,72.1,72.1,-0.5,-0.69%,9568,72.1,16838,72,72.1,78.7,66.5,,一般,
20261008,QZF,202611,73.6,76.2,72.4,72.4,-0.5,-0.69%,775,72.4,2844,72.3,72.4,78.8,70.9,,一般,
20261008,QZF,202612,72.9,72.9,72.8,72.8,-0.7,-0.95%,5,72.8,74,72.8,73.9,93,52.7,,一般,
20261008,QZF,202703,-,-,-,-,-,-,0,72,9,70.2,77.1,75,54.3,,一般,
20261008,QZF,202706,-,-,-,-,-,-,0,71.7,1,65.3,78.1,70,70,,一般,
20261008,QYF,202610,61.7,63.5,61.7,62.2,0.7,1.14%,20,62.2,641,62.1,62.7,72,55.5,,一般,
20261008,QYF,202611,61.5,-,-,61.5,0,0.00%,5,62.2,10,62.2,63.1,63.8,58.7,,一般,
20261008,QYF,202612,-,-,-,-,-,-,0,62.2,22,62.2,-,68.7,46,,一般,
20261008,QYF,202703,-,-,-,-,-,-,0,61.3,4,-,-,67.1,47.2,,一般,
20261008,QYF,202706,-,-,-,-,-,-,0,61.4,2,-,-,67.1,64,,一般,
20261008,QXF,202610,113,113.5,110.5,112.5,0.5,0.45%,390,112.5,3270,112,112.5,134.5,106.5,,一般,
20261008,QXF,202611,113,114,111,112,0,0.00%,32,112,361,112,113,125.5,111,,一般,
20261008,QXF,202612,-,-,-,-,-,-,0,111,16,-,-,128,109,,一般,
20261008,QXF,202703,-,-,-,-,-,-,0,110.5,0,-,-,125.5,125,,一般,
20261008,QXF,202706,-,-,-,-,-,-,0,110.5,5,-,-,125.5,111.5,,一般,
20261008,QWF,202610,70.6,71.6,70.6,71.6,0.2,0.28%,12,71.6,1162,70.3,71.8,82.5,69.1,,一般,
20261008,QWF,202611,-,-,-,-,-,-,0,71.3,106,70.5,72,74.4,69.9,,一般,
20261008,QWF,202612,-,-,-,-,-,-,0,72.4,9,-,-,92,51.4,,一般,
20261008,QWF,202703,-,-,-,-,-,-,0,71.8,0,-,-,-,-,,一般,
20261008,QWF,202706,-,-,-,-,-,-,0,71.6,0,-,-,-,-,,一般,
20261008,QVF,202610,47.75,48.5,46.1,46.95,-0.1,-0.21%,53,46.95,807,46.55,47,53.7,38.65,,一般,
20261008,QVF,202611,-,-,-,-,-,-,0,46.95,44,45.65,47.35,54.3,46.4,,一般,
20261008,QVF,202612,-,-,-,-,-,-,0,46.7,2,45,-,48.8,48.5,,一般,
20261008,QVF,202703,-,-,-,-,-,-,0,46.8,0,-,-,-,-,,一般,
20261008,QVF,202706,-,-,-,-,-,-,0,46.6,0,-,-,-,-,,一般,
20261008,QUF,202610,127,130.5,124.5,130.5,2,1.56%,2078,130,3921,130,130.5,135,84.6,,一般,
20261008,QUF,202611,126,130,125,130,1.5,1.17%,85,130,217,130,131,135.5,87.5,,一般,
20261008,QUF,202612,129,129,129,129,-0.5,-0.39%,1,129,4,125.5,131,129,71.9,,一般,
20261008,QUF,202703,-,-,-,-,-,-,0,129.5,3,125,134.5,116,106.5,,一般,
20261008,QUF,202706,-,-,-,-,-,-,0,130,0,-,-,-,-,,一般,
20261008,QTF,202610,126,128.5,123.5,128,0,0.00%,126,128,334,127.5,128.5,131.5,110,,一般,
20261008,QTF,202611,124.5,127.5,124.5,127.5,1,0.79%,4,127.5,33,127.5,129,130,123.5,,一般,
20261008,QTF,202612,-,-,-,-,-,-,0,127,5,123.5,132.5,116.5,85.5,,一般,
20261008,QTF,202703,-,-,-,-,-,-,0,127,0,-,-,102.5,95,,一般,
20261008,QTF,202706,-,-,-,-,-,-,0,127,0,-,-,-,-,,一般,
20261008,QSF,202610,1488,1498,1438,1466,-19,-1.28%,3926,1466,6440,1466,1468,1563,1007,,一般,
20261008,QSF,202611,1479,1500,1442,1469,-19,-1.28%,292,1470,792,1468,1472,1565,1060,,一般,
20261008,QSF,202612,1482,-,-,1482,0,0.00%,1,1463,43,-,1516,1550,429.5,,一般,
20261008,QSF,202703,-,-,-,-,-,-,0,1465,4,1427,1516,1302,827,,一般,
20261008,QSF,202706,-,-,-,-,-,-,0,1465,1,1427,-,1137,1137,,一般,
20261008,QRF,202610,995,1010,990,996,-3,-0.30%,862,997,1892,995,1001,1031,899,,一般,
20261008,QRF,202611,1000,1010,993,1004,6,0.60%,143,1001,189,997,1004,1010,945,,一般,
20261008,QRF,202612,-,-,-,-,-,-,0,997,9,995,1006,1025,584,,一般,
20261008,QRF,202703,-,-,-,-,-,-,0,996,0,-,-,-,-,,一般,
20261008,QRF,202706,-,-,-,-,-,-,0,999,0,-,-,-,-,,一般,
20261008,QQF,202610,-,-,-,-,-,-,0,46.65,168,43.1,-,53,43.4,,一般,
20261008,QQF,202611,-,-,-,-,-,-,0,46.55,0,43.1,-,-,-,,一般,
20261008,QQF,202612,-,-,-,-,-,-,0,46.85,0,-,-,-,-,,一般,
20261008,QQF,202703,-,-,-,-,-,-,0,46.75,0,-,-,-,-,,一般,
20261008,QQF,202706,-,-,-,-,-,-,0,46.65,0,-,-,-,-,,一般,
20261008,QPF,202610,25,25.3,24.9,25.25,-0.25,-0.98%,21,25.25,95,25.05,25.7,25.6,23.95,,一般,
20261008,QPF,202611,-,-,-,-,-,-,0,25.15,10,25,25.85,24.65,24.65,,一般,
20261008,QPF,202612,-,-,-,-,-,-,0,25.25,0,-,-,-,-,,一般,
20261008,QPF,202703,-,-,-,-,-,-,0,25.3,0,-,-,-,-,,一般,
20261008,QPF,202706,-,-,-,-,-,-,0,25.3,0,-,-,-,-,,一般,
20261008,QOF,202610,75.2,76,74.1,74.1,-2,-2.63%,135,74.1,1478,74.1,74.3,85.8,67.5,,一般,
20261008,QOF,202611,75.4,75.4,74.5,74.5,-1.7,-2.23%,2,74.5,101,74.1,74.5,76.2,71,,一般,
20261008,QOF,202612,-,-,-,-,-,-,0,74.1,4,68.5,-,84.7,71.8,,一般,
20261008,QOF,202703,-,-,-,-,-,-,0,73.6,0,-,-,-,-,,一般,
20261008,QOF,202706,-,-,-,-,-,-,0,73.6,0,-,-,-,-,,一般,
20261008,QNF,202610,2073,2099,2053,2062,-10,-0.48%,2294,2061,11268,2061,2063,2340,1900,,一般,
20261008,QNF,202611,2091,2105,2060,2068,-7,-0.34%,238,2068,3142,2066,2069,2328,1973,,一般,
20261008,QNF,202612,2120,2120,2086,2086,-14,-0.67%,12,2086,121,2072,2106,2850,1512,,一般,
20261008,QNF,202703,-,-,-,-,-,-,0,2068,8,2100,2203,2550,1700,,一般,
20261008,QNF,202706,-,-,-,-,-,-,0,2094,2,2072,2233,2200,2090,,一般,
20261008,QMF,202610,349.5,355,333,336,-10.5,-3.03%,322,336,2256,334,336,388,316.5,,一般,
20261008,QMF,202611,351.5,351.5,335,335,-10,-2.90%,61,335,156,334.5,337.5,356.5,324.5,,一般,
20261008,QMF,202612,-,-,-,-,-,-,0,338,3,335,347.5,380,325,,一般,
20261008,QMF,202703,-,-,-,-,-,-,0,332,0,-,-,-,-,,一般,
20261008,QMF,202706,-,-,-,-,-,-,0,331,0,-,-,-,-,,一般,
20261008,QLF,202610,498.5,514,483.5,502,2,0.40%,1571,502,4967,500,502,534,290,,一般,
20261008,QLF,202611,501,512,486,505,4,0.80%,235,505,686,501,504,535,427.5,,一般,
20261008,QLF,202612,-,-,-,-,-,-,0,505,12,486.5,535,513,156,,一般,
20261008,QLF,202703,-,-,-,-,-,-,0,499,3,-,536,405,205,,一般,
20261008,QLF,202706,-,-,-,-,-,-,0,496.5,1,-,536,485,485,,一般,
20261008,QKF,202610,28.5,28.7,28.3,28.7,0.4,1.41%,22,28.7,62,26.4,28.9,29.9,27.85,,一般,
20261008,QKF,202611,-,-,-,-,-,-,0,28.75,4,26.55,29.1,28.7,28.7,,一般,
20261008,QKF,202612,-,-,-,-,-,-,0,28.5,0,-,-,-,-,,一般,
20261008,QKF,202703,-,-,-,-,-,-,0,28.45,0,-,-,-,-,,一般,
20261008,QKF,202706,-,-,-,-,-,-,0,28.4,0,-,-,-,-,,一般,
20261008,QJF,202610,1070,1104,1040,1040,-50,-4.59%,3274,1047,5205,1036,1055,1138,634,,一般,
20261008,QJF,202611,1070,1098,1062,1065,-29,-2.65%,557,1065,1288,1035,1056,1128,874,,一般,
20261008,QJF,202612,1060,1060,1060,1060,-29,-2.66%,1,1060,18,999,1092,1110,482,,一般,
20261008,QJF,202703,-,-,-,-,-,-,0,1047,1,999,1092,1030,1030,,一般,
20261008,QJF,202706,-,-,-,-,-,-,0,1045,0,-,-,-,-,,一般,
20261008,QIF,202610,584,594,569,580,-12,-2.03%,5300,581,10172,581,582,635,348,,一般,
20261008,QIF,202611,585,592,570,581,-13,-2.19%,1103,581,4128,581,583,635,468,,一般,
20261008,QIF,202612,-,-,-,-,-,-,0,582,18,568,602,626,280,,一般,
20261008,QIF,202703,-,-,-,-,-,-,0,581,5,552,-,530,420,,一般,
20261008,QIF,202706,-,-,-,-,-,-,0,584,1,564,-,513,513,,一般,
20261008,QHF,202610,534,540,530,532,0,0.00%,359,532,2406,532,533,570,520,,一般,
20261008,QHF,202611,536,536,531,536,6,1.13%,15,531,377,533,535,568,530,,一般,
20261008,QHF,202612,-,-,-,-,-,-,0,535,7,514,551,553,385,,一般,
20261008,QHF,202703,-,-,-,-,-,-,0,528,0,-,-,-,-,,一般,
20261008,QHF,202706,-,-,-,-,-,-,0,533,0,-,-,-,-,,一般,
20261008,QGF,202610,742,751,742,749,7,0.94%,874,748,5727,747,750,799,679,,一般,
20261008,QGF,202611,742,751,742,749,8,1.08%,399,749,887,746,750,807,725,,一般,
20261008,QGF,202612,-,-,-,-,-,-,0,752,18,724,776,894,487,,一般,
20261008,QGF,202703,750,-,-,750,0,0.00%,1,756,1,734,-,750,595,,一般,
20261008,QGF,202706,-,-,-,-,-,-,0,753,1,-,-,698,698,,一般,
20261008,QFF,202610,2575,2590,2560,2565,-35,-1.35%,12888,2565,51740,2560,2565,2620,2356,,一般,
20261008,QFF,202610,2585,2585,2565,2570,-30,-1.15%,6038,NULL,-,2570,2580,2620,2356,,盤後,
20261008,QFF,202611,2585,2600,2575,2580,-30,-1.15%,4616,2575,12614,2575,2580,2635,2422,,一般,
20261008,QFF,202611,2595,2595,2575,2585,-25,-0.96%,2052,NULL,-,2585,2590,2635,2422,,盤後,
20261008,QFF,202612,2600,2610,2585,2590,-30,-1.15%,762,2590,20038,2585,2590,2740,1790,,一般,
20261008,QFF,202612,2615,2615,2590,2600,-20,-0.76%,873,NULL,-,2595,2600,2740,1790,,盤後,
20261008,QFF,202703,2635,2650,2635,2635,-30,-1.13%,361,2635,4651,2630,2635,2830,2160,,一般,
20261008,QFF,202703,2655,2655,2635,2645,-20,-0.75%,243,NULL,-,2640,2650,2830,2160,,盤後,
20261008,QFF,202706,2695,2710,2690,2690,-35,-1.28%,221,2690,2129,2685,2690,2780,2330,,一般,
20261008,QFF,202706,2720,2720,2695,2700,-25,-0.92%,159,NULL,-,2695,2705,2780,2330,,盤後,
20261008,QEF,202610,643,648,621,641,-10,-1.54%,13903,640,23455,640,641,689,510,,一般,
20261008,QEF,202611,645,648,622,642,-10,-1.53%,2451,642,4132,640,642,690,532,,一般,
20261008,QEF,202612,638,651,632,643,-12,-1.83%,23,643,286,642,657,1155,307.5,,一般,
20261008,QEF,202703,645,645,645,645,-13,-1.98%,1,645,25,650,663,1155,328.5,,一般,
20261008,QEF,202706,-,-,-,-,-,-,0,639,5,650,-,668,509,,一般,
20261008,QDF,202610,513,517,472.5,506,-6,-1.17%,646,506,1774,506,509,517,340,,一般,
20261008,QDF,202611,497,512,477,510,-2,-0.39%,40,510,95,506,510,512,431.5,,一般,
20261008,QDF,202612,-,-,-,-,-,-,0,501,2,-,-,474.5,283.5,,一般,
20261008,QDF,202703,-,-,-,-,-,-,0,502,1,-,-,487,283.5,,一般,
20261008,QDF,202706,-,-,-,-,-,-,0,502,2,-,-,-,-,,一般,
20261008,QCF,202610,74.6,75.6,74.5,75.6,0.9,1.20%,39,75.2,824,75,75.4,81.3,70,,一般,
20261008,QCF,202611,74.9,-,-,74.9,0,0.00%,2,75.5,30,75.2,75.7,77.1,73.7,,一般,
20261008,QCF,202612,-,-,-,-,-,-,0,75.2,0,72.6,77.8,-,-,,一般,
20261008,QCF,202703,-,-,-,-,-,-,0,75.2,0,-,-,-,-,,一般,
20261008,QCF,202706,-,-,-,-,-,-,0,74.8,0,-,-,-,-,,一般,
20261008,QBF,202610,66.7,67.5,66.2,66.7,-0.9,-1.33%,163,66.7,918,66.7,67.2,73,56.7,,一般,
20261008,QBF,202611,66.5,67.2,66.5,66.8,-1.1,-1.62%,23,67,193,67,67.5,72.8,65.2,,一般,
20261008,QBF,202612,-,-,-,-,-,-,0,66.7,2,-,-,79,50.8,,一般,
20261008,QBF,202703,-,-,-,-,-,-,0,66.7,0,-,-,-,-,,一般,
20261008,QBF,202706,-,-,-,-,-,-,0,66.7,0,-,-,-,-,,一般,
20261008,QAF,202610,17745,17840,16075,17430,-430,-2.41%,661,17430,463,17415,17510,21630,14875,,一般,
20261008,QAF,202611,16500,17730,16155,17510,-400,-2.23%,52,17510,152,17455,17605,21435,16155,,一般,
20261008,QAF,202612,-,-,-,-,-,-,0,17405,1,-,-,15155,15155,,一般,
20261008,QAF,202703,-,-,-,-,-,-,0,17255,0,-,-,-,-,,一般,
20261008,QAF,202706,-,-,-,-,-,-,0,17255,0,-,-,-,-,,一般,
20261008,QA1,202612,-,-,-,-,-,-,0,17405,3,-,-,19635,9045,,一般,
20261008,PZF,202610,-,-,-,-,-,-,0,17430,2,-,-,21485,17810,,一般,
20261008,PZF,202611,-,-,-,-,-,-,0,17510,4,-,-,-,-,,一般,
20261008,PZF,202612,-,-,-,-,-,-,0,17405,0,-,-,-,-,,一般,
20261008,PZF,202703,-,-,-,-,-,-,0,17255,0,-,-,-,-,,一般,
20261008,PZF,202706,-,-,-,-,-,-,0,17255,0,-,-,-,-,,一般,
20261008,PYF,202610,773,790,773,787,7,0.90%,234,787,1687,786,787,821,690,,一般,
20261008,PYF,202611,778,791,778,787,6,0.77%,37,787,179,787,789,821,722,,一般,
20261008,PYF,202612,-,-,-,-,-,-,0,791,15,760,814,828,678,,一般,
20261008,PYF,202703,-,-,-,-,-,-,0,791,3,-,-,746,728,,一般,
20261008,PYF,202706,-,-,-,-,-,-,0,791,1,761,-,791,791,,一般,
20261008,PXF,202610,786,786,778,784,4,0.51%,5,787,115,748,791,815,697,,一般,
20261008,PXF,202611,-,-,-,-,-,-,0,787,16,748,794,788,780,,一般,
20261008,PXF,202612,-,-,-,-,-,-,0,791,0,-,-,-,-,,一般,
20261008,PXF,202703,-,-,-,-,-,-,0,791,0,-,-,-,-,,一般,
20261008,PXF,202706,-,-,-,-,-,-,0,791,0,-,-,-,-,,一般,
20261008,PWF,202610,2210,2258,2191,2235,4,0.18%,4122,2235,13322,2232,2234,2805,2028,,一般,
20261008,PWF,202611,2220,2260,2195,2236,2,0.09%,328,2238,1199,2235,2236,2313,2064,,一般,
20261008,PWF,202612,2254,2254,2230,2250,0,0.00%,3,2246,101,2240,2269,2800,2075,,一般,
20261008,PWF,202703,-,-,-,-,-,-,0,2248,1,-,-,2122,2122,,一般,
20261008,PWF,202706,-,-,-,-,-,-,0,2263,3,-,-,2490,2145,,一般,
20261008,PW1,202610,2218,2251,2190,2237,6,0.27%,57,2235,628,2218,2255,7880,2035,,一般,
20261008,PW1,202612,2250,2250,2236,2246,-4,-0.18%,24,2246,37,2236,2276,7255,2086,,一般,
20261008,PW1,202703,-,-,-,-,-,-,0,2248,1,-,-,4600,4600,,一般,
20261008,PVF,202610,2239,2257,2189,2233,2,0.09%,348,2235,1473,2232,2237,2730,2027,,一般,
20261008,PVF,202611,2228,2240,2228,2236,2,0.09%,14,2238,82,2235,2240,2288,2073,,一般,
20261008,PVF,202612,2246,2246,2246,2246,-4,-0.18%,1,2246,2,-,-,2286,2246,,一般,
20261008,PVF,202703,-,-,-,-,-,-,0,2248,0,-,-,-,-,,一般,
20261008,PVF,202706,-,-,-,-,-,-,0,2263,0,-,-,-,-,,一般,
20261008,PV1,202610,-,-,-,-,-,-,0,2235,285,2009,2252,7295,2070,,一般,
20261008,PUF,202610,4795,4875,4710,4710,-150,-3.09%,7751,4715,15494,4710,4715,5490,3675,,一般,
20261008,PUF,202611,4840,4890,4730,4730,-150,-3.07%,1094,4730,2893,4725,4735,5495,4545,,一般,
20261008,PUF,202612,4840,4900,4745,4745,-145,-2.97%,163,4745,598,4740,4755,5505,1480,,一般,
20261008,PUF,202703,4890,4890,4890,4890,-5,-0.10%,1,4850,106,4800,4895,5410,2260,,一般,
20261008,PUF,202706,-,-,-,-,-,-,0,4850,6,4810,5045,5375,3150,,一般,
20261008,PTF,202610,1477,1574,1401,1537,2,0.13%,555,1532,1440,1530,1540,1760,1003,,一般,
20261008,PTF,202611,1577,1579,1577,1579,39,2.53%,17,1535,597,1535,1546,1698,1464,,一般,
20261008,PTF,202612,-,-,-,-,-,-,0,1531,1,-,1671,1499,1429,,一般,
20261008,PTF,202703,-,-,-,-,-,-,0,1512,0,-,-,-,-,,一般,
20261008,PTF,202706,-,-,-,-,-,-,0,1512,0,-,-,-,-,,一般,
20261008,PSF,202610,80.5,80.6,80,80.6,0.1,0.12%,92,80.6,2686,80.5,80.8,83.9,76.8,,一般,
20261008,PSF,202611,80,80,80,80,-0.3,-0.37%,33,80.6,348,80.4,80.8,82.3,78.2,,一般,
20261008,PSF,202612,-,-,-,-,-,-,0,80.7,0,77.9,83.4,-,-,,一般,
20261008,PSF,202703,-,-,-,-,-,-,0,80.7,2,-,-,81.5,81,,一般,
20261008,PSF,202706,-,-,-,-,-,-,0,81.6,2,78.2,-,80.7,80,,一般,
20261008,PS1,202610,80,80,79.1,79.1,-1.4,-1.74%,3,80.6,1120,-,80.5,96.5,77.4,,一般,
20261008,PS1,202612,-,-,-,-,-,-,0,80.7,5,-,-,92,78.7,,一般,
20261008,PS1,202703,-,-,-,-,-,-,0,80.7,2,-,-,93,82,,一般,
20261008,PRF,202610,142,156,140,156,14,9.86%,1839,156,1074,156,-,156,101,,一般,
20261008,PRF,202611,141,154,140,154,14,10.00%,91,154,77,154,-,154,108,,一般,
20261008,PRF,202612,156,156,156,156,14,9.86%,17,156,2,156,-,156,113,,一般,
20261008,PRF,202703,-,-,-,-,-,-,0,155.5,0,155.5,-,-,-,,一般,
20261008,PRF,202706,156,156,156,156,14,9.86%,54,156,2,156,-,156,156,,一般,
20261008,PQF,202610,548,549,536,540,-10,-1.82%,1757,539,4841,538,540,582,410.5,,一般,
20261008,PQF,202611,545,545,536,538,-11,-2.00%,133,538,856,537,540,571,475.5,,一般,
20261008,PQF,202612,-,-,-,-,-,-,0,540,37,535,543,726,253.5,,一般,
20261008,PQF,202703,-,-,-,-,-,-,0,534,2,-,-,445.5,397,,一般,
20261008,PQF,202706,-,-,-,-,-,-,0,537,0,-,-,551,550,,一般,
20261008,PPF,202610,23.75,23.75,23.6,23.6,-0.15,-0.63%,3,23.2,26,21.9,24.45,28.25,23.5,,一般,
20261008,PPF,202611,-,-,-,-,-,-,0,23.3,2,22.1,24.65,23.9,23.8,,一般,
20261008,PPF,202612,-,-,-,-,-,-,0,23.25,0,-,-,-,-,,一般,
20261008,PPF,202703,-,-,-,-,-,-,0,23.35,0,-,-,-,-,,一般,
20261008,PPF,202706,-,-,-,-,-,-,0,23.15,0,-,-,-,-,,一般,
20261008,PNF,202610,1453,1500,1450,1496,36,2.47%,428,1498,1863,1496,1500,1510,1295,,一般,
20261008,PNF,202611,1485,1499,1480,1496,36,2.47%,66,1488,244,1492,1500,1499,1454,,一般,
20261008,PNF,202612,-,-,-,-,-,-,0,1494,8,1446,1550,1506,1050,,一般,
20261008,PNF,202703,-,-,-,-,-,-,0,1495,1,-,1495,1550,1385,,一般,
20261008,PNF,202706,-,-,-,-,-,-,0,1498,0,-,-,-,-,,一般,
20261008,PMF,202610,-,-,-,-,-,-,0,103.5,55,95.3,103.5,127.5,102.5,,一般,
20261008,PMF,202611,-,-,-,-,-,-,0,104,4,95.3,104.5,105,103,,一般,
20261008,PMF,202612,-,-,-,-,-,-,0,103,4,-,107,145,118,,一般,
20261008,PMF,202703,-,-,-,-,-,-,0,102.5,0,-,-,-,-,,一般,
20261008,PMF,202706,-,-,-,-,-,-,0,103,0,-,-,-,-,,一般,
20261008,PLF,202610,132.5,133.5,124,127.5,-8.5,-6.25%,8200,127.5,14295,127.5,128,140.5,100,,一般,
20261008,PLF,202611,132,133,124,127.5,-8,-5.90%,1004,127.5,2177,127,127.5,140,110.5,,一般,
20261008,PLF,202612,133,133,129.5,129.5,-5,-3.72%,3,129.5,42,126,130.5,138.5,43.5,,一般,
20261008,PLF,202703,128,128,127.5,127.5,-8,-5.90%,5,127.5,11,123,-,191.5,44.5,,一般,
20261008,PLF,202706,-,-,-,-,-,-,0,127.5,19,-,136.5,132,96.3,,一般,
20261008,PJF,202610,5915,6085,5765,6005,10,0.17%,90,6010,417,5990,6020,6350,4660,,一般,
20261008,PJF,202611,6005,-,-,6005,0,0.00%,8,6025,71,6005,6040,6140,4765,,一般,
20261008,PJF,202612,-,-,-,-,-,-,0,6025,0,5985,6160,-,-,,一般,
20261008,PJF,202703,-,-,-,-,-,-,0,6010,0,-,-,-,-,,一般,
20261008,PJF,202706,-,-,-,-,-,-,0,6010,0,-,-,-,-,,一般,
20261008,PIF,202610,3030,3030,2930,2940,-65,-2.16%,6,2885,59,-,-,3635,2565,,一般,
20261008,PIF,202611,3015,-,-,3015,0,0.00%,1,2900,1,-,-,-,-,,一般,
20261008,PIF,202612,-,-,-,-,-,-,0,2900,0,-,-,-,-,,一般,
20261008,PIF,202703,-,-,-,-,-,-,0,2850,0,-,-,-,-,,一般,
20261008,PIF,202706,-,-,-,-,-,-,0,2845,0,-,-,-,-,,一般,
20261008,PHF,202610,1452,1512,1447,1512,52,3.56%,14,1498,197,1471,1515,1512,1334,,一般,
20261008,PHF,202611,1488,1488,1488,1488,28,1.92%,8,1488,34,1463,1508,1488,1450,,一般,
20261008,PHF,202612,-,-,-,-,-,-,0,1494,0,-,-,-,-,,一般,
20261008,PHF,202703,-,-,-,-,-,-,0,1495,0,-,-,-,-,,一般,
20261008,PHF,202706,-,-,-,-,-,-,0,1498,0,-,-,-,-,,一般,
20261008,PGF,202610,-,-,-,-,-,-,0,25.6,83,25.5,27,26.05,25.6,,一般,
20261008,PGF,202611,-,-,-,-,-,-,0,25.75,5,25.7,27,26.05,25.5,,一般,
20261008,PGF,202612,-,-,-,-,-,-,0,25.6,0,26,-,-,-,,一般,
20261008,PGF,202703,-,-,-,-,-,-,0,25.5,0,-,-,-,-,,一般,
20261008,PGF,202706,-,-,-,-,-,-,0,25.5,3,-,-,27.15,27.05,,一般,
20261008,PFF,202610,58.2,58.35,58.1,58.25,-0.3,-0.51%,10,58.3,248,58.25,58.75,58.6,52,,一般,
20261008,PFF,202611,58.3,58.5,58.3,58.45,-0.25,-0.43%,11,58.45,130,58.45,58.95,58.8,56.3,,一般,
20261008,PFF,202612,-,-,-,-,-,-,0,58.4,11,58.4,59.95,57.5,38.54,,一般,
20261008,PFF,202703,-,-,-,-,-,-,0,58.45,1,58.4,-,53.2,53.2,,一般,
20261008,PFF,202706,-,-,-,-,-,-,0,58.45,10,58.4,-,58.15,54.35,,一般,
20261008,PEF,202610,103,103.5,100,100.5,-4.5,-4.29%,347,100.5,2082,100,101,113,85,,一般,
20261008,PEF,202611,102,102,100.5,101,-4,-3.81%,28,101,119,100.5,101.5,112.5,92.8,,一般,
20261008,PEF,202612,-,-,-,-,-,-,0,100.5,6,97.4,108.5,113,61.6,,一般,
20261008,PEF,202703,-,-,-,-,-,-,0,101,1,99,-,140.5,100,,一般,
20261008,PEF,202706,-,-,-,-,-,-,0,100,0,-,-,-,-,,一般,
20261008,PDF,202610,-,-,-,-,-,-,0,134,1,128.5,-,133,129.5,,一般,
20261008,PDF,202611,-,-,-,-,-,-,0,134,0,128.5,-,-,-,,一般,
20261008,PDF,202612,-,-,-,-,-,-,0,134,0,-,-,-,-,,一般,
20261008,PDF,202703,-,-,-,-,-,-,0,134,0,-,-,-,-,,一般,
20261008,PDF,202706,-,-,-,-,-,-,0,134.5,0,-,-,-,-,,一般,
20261008,PCF,202610,-,-,-,-,-,-,0,57.6,9,57,-,60,53.9,,一般,
20261008,PCF,202611,-,-,-,-,-,-,0,57.7,0,-,-,-,-,,一般,
20261008,PCF,202612,-,-,-,-,-,-,0,58,6,-,-,72,56.4,,一般,
20261008,PCF,202703,-,-,-,-,-,-,0,57.2,0,-,-,-,-,,一般,
20261008,PCF,202706,-,-,-,-,-,-,0,58,2,-,-,62,60,,一般,
20261008,PBF,202610,1186,1197,1096,1122,-95,-7.81%,16194,1126,12132,1122,1123,1257,865,,一般,
20261008,PBF,202611,1193,1194,1094,1124,-91,-7.49%,1711,1124,2599,1120,1122,1253,892,,一般,
20261008,PBF,202612,1151,1151,1098,1141,-78,-6.40%,44,1128,182,1101,1128,1522,453,,一般,
20261008,PBF,202703,1150,1150,1100,1131,-82,-6.76%,10,1131,125,1099,1154,1230,710,,一般,
20261008,PBF,202706,-,-,-,-,-,-,0,1129,4,-,1163,1195,1193,,一般,
20261008,PAF,202610,188,188,185.5,185.5,-2,-1.07%,8,185.5,82,185,187.5,190,179.5,,一般,
20261008,PAF,202611,-,-,-,-,-,-,0,185.5,11,185,188,186,185,,一般,
20261008,PAF,202612,-,-,-,-,-,-,0,185.5,0,178.5,194,216,190,,一般,
20261008,PAF,202703,-,-,-,-,-,-,0,184.5,0,-,-,-,-,,一般,
20261008,PAF,202706,-,-,-,-,-,-,0,184,0,-,-,-,-,,一般,
20261008,OZF,202610,731,757,717,746,8,1.08%,2831,744,3846,745,747,762,568,,一般,
20261008,OZF,202611,730,759,720,749,10,1.35%,287,747,862,748,750,759,617,,一般,
20261008,OZF,202612,-,-,-,-,-,-,0,741,7,736,-,750,343.5,,一般,
20261008,OZF,202703,-,-,-,-,-,-,0,738,0,709,-,-,-,,一般,
20261008,OZF,202706,-,-,-,-,-,-,0,741,0,-,-,-,-,,一般,
20261008,OYF,202610,2985,3335,2985,3335,300,9.88%,1506,3335,1958,3335,-,3940,2585,,一般,
20261008,OYF,202611,3000,3335,3000,3320,285,9.39%,103,3335,572,3335,-,3790,2995,,一般,
20261008,OYF,202612,3330,3330,3330,3330,300,9.90%,1,3330,2,3330,-,3695,3050,,一般,
20261008,OYF,202703,-,-,-,-,-,-,0,3330,0,3225,-,-,-,,一般,
20261008,OYF,202706,-,-,-,-,-,-,0,3330,0,-,-,-,-,,一般,
20261008,OXF,202610,3110,3335,3090,3335,300,9.88%,18,3335,69,3255,-,3850,2830,,一般,
20261008,OXF,202611,3335,3335,3335,3335,300,9.88%,1,3335,41,3265,-,3335,3030,,一般,
20261008,OXF,202612,-,-,-,-,-,-,0,3330,0,-,-,-,-,,一般,
20261008,OXF,202703,-,-,-,-,-,-,0,3330,0,-,-,-,-,,一般,
20261008,OXF,202706,-,-,-,-,-,-,0,3330,0,-,-,-,-,,一般,
20261008,OWF,202610,1200,1200,1096,1125,-92,-7.56%,2650,1126,3773,1124,1126,1256,864,,一般,
20261008,OWF,202611,1174,1185,1094,1132,-83,-6.83%,215,1124,313,1122,1125,1246,902,,一般,
20261008,OWF,202612,-,-,-,-,-,-,0,1128,9,1114,1171,1090,674,,一般,
20261008,OWF,202703,-,-,-,-,-,-,0,1131,4,1099,1206,1503,600,,一般,
20261008,OWF,202706,-,-,-,-,-,-,0,1129,0,-,1226,-,-,,一般,
20261008,OVF,202610,1732,1757,1656,1747,11,0.63%,1422,1748,3504,1746,1752,1845,1291,,一般,
20261008,OVF,202611,1699,1760,1664,1755,15,0.86%,193,1755,578,1751,1755,1826,1300,,一般,
20261008,OVF,202612,-,-,-,-,-,-,0,1743,0,1740,1785,1035,503,,一般,
20261008,OVF,202703,-,-,-,-,-,-,0,1737,0,1735,1805,-,-,,一般,
20261008,OVF,202706,-,-,-,-,-,-,0,1732,0,1730,1825,-,-,,一般,
20261008,OUF,202610,43.2,43.2,43,43,-1.25,-2.82%,2,43,26,42.95,43.5,46.5,39.05,,一般,
20261008,OUF,202611,43.5,43.5,43.5,43.5,-0.95,-2.14%,1,43.5,3,43.25,43.8,44,43.5,,一般,
20261008,OUF,202612,-,-,-,-,-,-,0,43.25,1,-,-,46,46,,一般,
20261008,OUF,202703,-,-,-,-,-,-,0,43.05,0,-,-,-,-,,一般,
20261008,OUF,202706,-,-,-,-,-,-,0,42.95,0,-,-,-,-,,一般,
20261008,OTF,202610,3150,3150,2960,2995,-160,-5.07%,230,2995,1285,2985,3000,3550,2585,,一般,
20261008,OTF,202611,3100,3100,2975,2990,-175,-5.53%,40,2990,370,2990,3015,3215,2620,,一般,
20261008,OTF,202612,-,-,-,-,-,-,0,2985,0,2970,-,-,-,,一般,
20261008,OTF,202703,-,-,-,-,-,-,0,2985,0,-,-,-,-,,一般,
20261008,OTF,202706,-,-,-,-,-,-,0,2985,0,-,-,-,-,,一般,
20261008,OSF,202610,10.15,10.2,10.15,10.2,0,0.00%,6,10.2,441,10.2,10.3,11.55,10.05,,一般,
20261008,OSF,202611,-,-,-,-,-,-,0,10.2,169,10.2,10.4,10.3,10.15,,一般,
20261008,OSF,202612,-,-,-,-,-,-,0,10.1,0,-,-,-,-,,一般,
20261008,OSF,202703,-,-,-,-,-,-,0,10.1,0,-,-,-,-,,一般,
20261008,OSF,202706,-,-,-,-,-,-,0,10.1,0,-,-,-,-,,一般,
20261008,ORF,202610,46.3,46.3,46.1,46.1,-0.4,-0.86%,10,46.1,323,45.95,46.35,50.8,45.65,,一般,
20261008,ORF,202611,-,-,-,-,-,-,0,46.35,116,45.7,46.7,-,-,,一般,
20261008,ORF,202612,-,-,-,-,-,-,0,46.4,1,-,-,57.5,57.5,,一般,
20261008,ORF,202703,-,-,-,-,-,-,0,46.6,0,-,-,-,-,,一般,
20261008,ORF,202706,-,-,-,-,-,-,0,46.4,0,-,-,-,-,,一般,
20261008,OQF,202610,402,402,401,401,3,0.75%,3,401,174,383,403,411.5,369,,一般,
20261008,OQF,202611,-,-,-,-,-,-,0,402.5,11,383.5,405.5,400.5,376,,一般,
20261008,OQF,202612,-,-,-,-,-,-,0,397,2,369.5,416.5,380,378.5,,一般,
20261008,OQF,202703,-,-,-,-,-,-,0,399,1,-,-,395,395,,一般,
20261008,OQF,202706,-,-,-,-,-,-,0,401,0,-,-,-,-,,一般,
20261008,OPF,202610,2027,2117,1978,2091,60,2.95%,177,2089,576,2089,2095,2221,1782,,一般,
20261008,OPF,202611,1998,2123,1998,2108,70,3.43%,11,2095,108,2094,2101,2123,1795,,一般,
20261008,OPF,202612,-,-,-,-,-,-,0,2075,5,-,2120,2190,1820,,一般,
20261008,OPF,202703,-,-,-,-,-,-,0,2090,0,-,-,-,-,,一般,
20261008,OPF,202706,-,-,-,-,-,-,0,2090,0,-,-,-,-,,一般,
20261008,OOF,202610,-,-,-,-,-,-,0,16.88,26,16.51,17.01,18.55,16.93,,一般,
20261008,OOF,202611,-,-,-,-,-,-,0,16.87,2,16.51,17.01,18.03,16.98,,一般,
20261008,OOF,202612,-,-,-,-,-,-,0,16.72,0,-,-,-,-,,一般,
20261008,OOF,202703,-,-,-,-,-,-,0,16.58,0,-,-,-,-,,一般,
20261008,OOF,202706,-,-,-,-,-,-,0,16.64,0,-,-,-,-,,一般,
20261008,OMF,202610,97.1,97.7,96.8,97.7,0.6,0.62%,30,97.7,21,-,-,97.9,95.4,,一般,
20261008,OMF,202611,-,-,-,-,-,-,0,98,1,-,-,98,96.3,,一般,
20261008,OMF,202612,-,-,-,-,-,-,0,98.4,0,-,-,-,-,,一般,
20261008,OMF,202703,-,-,-,-,-,-,0,97.3,0,-,-,-,-,,一般,
20261008,OMF,202706,-,-,-,-,-,-,0,97.3,0,-,-,-,-,,一般,
20261008,OLF,202610,6880,6985,6630,6655,-275,-3.97%,6968,6660,11832,6655,6660,8050,5280,,一般,
20261008,OLF,202611,6910,6990,6660,6685,-275,-3.95%,646,6685,2540,6680,6690,7045,5800,,一般,
20261008,OLF,202612,6850,6850,6785,6785,-145,-2.09%,4,6660,60,6695,6730,7930,2180,,一般,
20261008,OLF,202703,-,-,-,-,-,-,0,6675,4,6685,6860,7200,2550,,一般,
20261008,OLF,202706,-,-,-,-,-,-,0,6675,0,6685,6910,-,-,,一般,
20261008,OKF,202610,14.77,14.77,14.77,14.77,-0.2,-1.34%,1,14.77,513,14.56,14.99,16.66,14.77,,一般,
20261008,OKF,202611,-,-,-,-,-,-,0,14.83,76,14.6,15.03,16.49,15.21,,一般,
20261008,OKF,202612,-,-,-,-,-,-,0,14.9,0,-,-,15.35,15.02,,一般,
20261008,OKF,202703,-,-,-,-,-,-,0,14.72,0,-,-,-,-,,一般,
20261008,OKF,202706,-,-,-,-,-,-,0,14.85,0,-,-,-,-,,一般,
20261008,OJF,202610,26.35,26.35,26,26,-0.14,-0.54%,3,26,82,25.82,26.07,27.95,26,,一般,
20261008,OJF,202611,-,-,-,-,-,-,0,26.05,28,25.86,26.11,27.75,26.19,,一般,
20261008,OJF,202612,-,-,-,-,-,-,0,26.01,0,-,26.57,-,-,,一般,
20261008,OJF,202703,-,-,-,-,-,-,0,25.67,0,-,26.93,-,-,,一般,
20261008,OJF,202706,-,-,-,-,-,-,0,25.86,0,-,-,-,-,,一般,
20261008,OHF,202610,118,118.5,118,118.5,1.5,1.28%,2,116.5,61,112.5,120.5,129,111.5,,一般,
20261008,OHF,202611,-,-,-,-,-,-,0,116.5,9,112,121,119,112.5,,一般,
20261008,OHF,202612,-,-,-,-,-,-,0,116,0,-,-,-,-,,一般,
20261008,OHF,202703,-,-,-,-,-,-,0,116,0,-,-,-,-,,一般,
20261008,OHF,202706,-,-,-,-,-,-,0,116,0,-,-,-,-,,一般,
20261008,OEF,202610,15.3,15.35,15,15.1,-0.4,-2.58%,340,15.05,7542,15.05,15.1,17.45,13.45,,一般,
20261008,OEF,202611,15.1,15.1,14.95,14.95,-0.6,-3.86%,112,14.95,726,14.95,15.05,17.45,13.8,,一般,
20261008,OEF,202612,-,-,-,-,-,-,0,14.95,13,13.9,-,21.9,8.7,,一般,
20261008,OEF,202703,-,-,-,-,-,-,0,15,2,-,-,19.85,15.75,,一般,
20261008,OEF,202706,-,-,-,-,-,-,0,15,0,-,-,-,-,,一般,
20261008,ODF,202610,91.5,-,-,91.5,0,0.00%,1,91.8,153,88.8,91.7,97.5,88.1,,一般,
20261008,ODF,202611,91.4,-,-,91.4,0,0.00%,1,91.7,13,87.9,91.2,93.1,90.7,,一般,
20261008,ODF,202612,-,-,-,-,-,-,0,92.5,0,-,-,-,-,,一般,
20261008,ODF,202703,-,-,-,-,-,-,0,92.3,0,-,-,140,133.5,,一般,
20261008,ODF,202706,-,-,-,-,-,-,0,92.5,0,-,-,-,-,,一般,
20261008,OBF,202610,36.62,36.62,36.62,36.62,0.1,0.27%,2,36.62,10,36.26,36.89,37.74,36.62,,一般,
20261008,OBF,202611,-,-,-,-,-,-,0,36.53,0,36.2,36.93,-,-,,一般,
20261008,OBF,202612,-,-,-,-,-,-,0,36.41,0,35.03,38.12,-,-,,一般,
20261008,OBF,202703,-,-,-,-,-,-,0,36.57,0,-,-,-,-,,一般,
20261008,OBF,202706,-,-,-,-,-,-,0,36.28,0,-,-,-,-,,一般,
20261008,OAF,202610,39.38,39.38,39.15,39.15,0.11,0.28%,4,39.15,693,38.26,39.33,41.06,39,,一般,
20261008,OAF,202611,-,-,-,-,-,-,0,39.22,48,38.32,39.34,40.3,39.01,,一般,
20261008,OAF,202612,-,-,-,-,-,-,0,38.71,0,36.95,40.78,-,-,,一般,
20261008,OAF,202703,-,-,-,-,-,-,0,38.64,0,-,-,-,-,,一般,
20261008,OAF,202706,-,-,-,-,-,-,0,38.47,0,-,-,-,-,,一般,
20261008,NYF,202610,115.5,115.85,114.9,114.9,-1.65,-1.42%,3954,114.95,24406,114.9,114.95,117.65,102.85,,一般,
20261008,NYF,202610,116,116.05,115,115.7,-0.85,-0.73%,1906,NULL,-,115.65,115.8,117.65,102.85,,盤後,
20261008,NYF,202611,115.8,116.1,115.25,115.25,-1.75,-1.50%,343,115.3,5207,115.25,115.3,117.85,108.4,,一般,
20261008,NYF,202611,116.5,116.5,115.4,116.1,-0.9,-0.77%,239,NULL,-,116.05,116.2,117.85,108.4,,盤後,
20261008,NYF,202612,116,116,115.9,115.9,-1.4,-1.19%,12,115.75,239,115.6,115.8,118,96.3,,一般,
20261008,NYF,202612,116.5,116.5,116.25,116.3,-1,-0.85%,42,NULL,-,116.25,116.85,118,96.3,,盤後,
20261008,NYF,202703,-,-,-,-,-,-,0,116.7,1,114.25,-,108.5,108.5,,一般,
20261008,NYF,202703,-,-,-,-,-,-,0,NULL,-,-,-,108.5,108.5,,盤後,
20261008,NYF,202706,-,-,-,-,-,-,0,115.85,1,-,-,112.05,112.05,,一般,
20261008,NYF,202706,-,-,-,-,-,-,0,NULL,-,115,-,112.05,112.05,,盤後,
20261008,NWF,202610,2086,2098,2055,2061,-11,-0.53%,385,2061,1652,2057,2062,2337,1902,,一般,
20261008,NWF,202611,2062,2087,2062,2071,-4,-0.19%,38,2068,259,2061,2067,2264,1987,,一般,
20261008,NWF,202612,-,-,-,-,-,-,0,2086,5,2054,2102,2164,1494,,一般,
20261008,NWF,202703,-,-,-,-,-,-,0,2068,0,2052,2192,2635,2635,,一般,
20261008,NWF,202706,-,-,-,-,-,-,0,2094,0,2052,2212,-,-,,一般,
20261008,NVF,202610,145.5,147,144,144,-2.5,-1.71%,120,144,1636,144,144.5,161,140,,一般,
20261008,NVF,202611,145,146,144.5,144.5,-2,-1.37%,8,144.5,139,144,145,152,143.5,,一般,
20261008,NVF,202612,147,147,145,145,-2,-1.36%,4,145,18,144,145.5,198,139,,一般,
20261008,NVF,202703,-,-,-,-,-,-,0,142.5,1,139.5,-,217.5,162,,一般,
20261008,NVF,202706,-,-,-,-,-,-,0,142,0,-,-,192,180,,一般,
20261008,NUF,202610,-,-,-,-,-,-,0,24.4,38,24,25.1,24.55,23.25,,一般,
20261008,NUF,202611,-,-,-,-,-,-,0,24.5,11,23.85,24.95,-,-,,一般,
20261008,NUF,202612,-,-,-,-,-,-,0,24.5,0,-,-,28.4,24.7,,一般,
20261008,NUF,202703,-,-,-,-,-,-,0,24.5,0,-,-,-,-,,一般,
20261008,NUF,202706,-,-,-,-,-,-,0,24.5,0,-,-,-,-,,一般,
20261008,NSF,202610,237,237,223,226,-8.5,-3.62%,6315,226.5,9688,226,226.5,239.5,154,,一般,
20261008,NSF,202611,237,237,223.5,226.5,-8.5,-3.62%,510,226.5,917,226,227.5,239.5,209,,一般,
20261008,NSF,202612,229,229,229,229,-6.5,-2.76%,4,227.5,17,226.5,228,277,98.9,,一般,
20261008,NSF,202703,-,-,-,-,-,-,0,227,7,222.5,231,275.5,144.5,,一般,
20261008,NSF,202706,-,-,-,-,-,-,0,226,1,-,-,199.5,136,,一般,
20261008,NQF,202610,363.5,363.5,363.5,363.5,-7,-1.89%,1,363.5,14,358,366.5,412,363.5,,一般,
20261008,NQF,202611,-,-,-,-,-,-,0,364.5,4,358,369.5,378,372.5,,一般,
20261008,NQF,202612,-,-,-,-,-,-,0,361.5,0,346,378.5,-,-,,一般,
20261008,NQF,202703,-,-,-,-,-,-,0,363.5,0,-,-,-,-,,一般,
20261008,NQF,202706,-,-,-,-,-,-,0,364.5,0,-,-,-,-,,一般,
20261008,NOF,202610,221,222,208,214.5,-10,-4.45%,1251,214.5,3135,214.5,215,228.5,170.5,,一般,
20261008,NOF,202611,220,220,209,215.5,-9,-4.01%,81,215.5,298,215,216,229,182.5,,一般,
20261008,NOF,202612,220,220,211.5,216,-7.5,-3.36%,17,216,23,215,216,284.5,107,,一般,
20261008,NOF,202703,-,-,-,-,-,-,0,216.5,10,211,-,285,126,,一般,
20261008,NOF,202706,-,-,-,-,-,-,0,215.5,3,210,236,233,191,,一般,
20261008,NLF,202610,190.5,194,185.5,188,-2,-1.05%,571,187.5,3017,188,188.5,196,147,,一般,
20261008,NLF,202611,186.5,189.5,186.5,188,-2.5,-1.31%,121,188,350,188.5,189,197,164.5,,一般,
20261008,NLF,202612,-,-,-,-,-,-,0,187.5,18,188.5,190.5,197,110.5,,一般,
20261008,NLF,202703,-,-,-,-,-,-,0,188.5,5,184,-,213,140,,一般,
20261008,NLF,202706,190.5,191.5,190.5,190.5,-2.5,-1.30%,3,190.5,2,190.5,191.5,193,148.5,,一般,
20261008,NJF,202610,33,34,33,33.95,1.3,3.98%,202,33.95,440,33.6,33.9,35.25,32,,一般,
20261008,NJF,202611,33.95,33.95,33.95,33.95,1.4,4.30%,10,33.95,583,33.6,34,33.95,32.15,,一般,
20261008,NJF,202612,-,-,-,-,-,-,0,33.75,0,-,-,-,-,,一般,
20261008,NJF,202703,-,-,-,-,-,-,0,33.9,0,-,-,-,-,,一般,
20261008,NJF,202706,-,-,-,-,-,-,0,33.85,0,-,-,-,-,,一般,
20261008,NIF,202610,31.2,31.35,31.2,31.35,0.4,1.29%,15,31.35,276,31.25,31.65,32.2,29.5,,一般,
20261008,NIF,202611,30.9,-,-,30.9,0,0.00%,5,31.3,8,31.15,31.65,31.05,31.05,,一般,
20261008,NIF,202612,-,-,-,-,-,-,0,31.35,0,31.25,-,-,-,,一般,
20261008,NIF,202703,-,-,-,-,-,-,0,31.5,0,31.25,-,-,-,,一般,
20261008,NIF,202706,-,-,-,-,-,-,0,31.55,0,31.25,-,-,-,,一般,
20261008,NI1,202612,-,-,-,-,-,-,0,31.35,9,-,-,35.1,32.6,,一般,
20261008,NGF,202610,103,103,103,103,-1,-0.96%,6,103,278,103,103.5,134,91.9,,一般,
20261008,NGF,202611,-,-,-,-,-,-,0,102,13,102,103.5,120.5,103,,一般,
20261008,NGF,202612,-,-,-,-,-,-,0,102.5,5,-,-,150.5,150.5,,一般,
20261008,NGF,202703,-,-,-,-,-,-,0,102.5,0,-,-,-,-,,一般,
20261008,NGF,202706,-,-,-,-,-,-,0,103.5,0,-,-,-,-,,一般,
20261008,NEF,202610,248,258.5,243.5,257.5,6,2.39%,1440,257.5,2941,256.5,257.5,296,220.5,,一般,
20261008,NEF,202611,248,259,244.5,256,4,1.59%,65,256,151,257,258.5,284.5,238,,一般,
20261008,NEF,202612,-,-,-,-,-,-,0,257.5,2,248.5,266,269.5,198,,一般,
20261008,NEF,202703,-,-,-,-,-,-,0,255.5,1,246.5,-,223,198,,一般,
20261008,NEF,202706,-,-,-,-,-,-,0,255.5,0,-,-,-,-,,一般,
20261008,NDF,202610,367.5,367.5,361.5,361.5,-4,-1.09%,213,361.5,887,361,362,392.5,360,,一般,
20261008,NDF,202611,364.5,365.5,360.5,360.5,-3.5,-0.96%,87,360.5,254,360,361,389,360,,一般,
20261008,NDF,202612,-,-,-,-,-,-,0,362,3,358,374,389,388,,一般,
20261008,NDF,202703,-,-,-,-,-,-,0,360,0,-,-,-,-,,一般,
20261008,NDF,202706,-,-,-,-,-,-,0,359,0,-,-,-,-,,一般,
20261008,ND1,202610,368.5,368.5,364,364,-4.5,-1.22%,55,364.5,1636,362.5,364.5,440,363,,一般,
20261008,ND1,202611,367,-,-,367,0,0.00%,1,363.5,57,-,363,399.5,368.5,,一般,
20261008,ND1,202612,-,-,-,-,-,-,0,365,30,336,364.5,456.5,262.5,,一般,
20261008,NCF,202610,382,398,377.5,388.5,-1,-0.26%,177,385.5,568,381,388,409.5,337,,一般,
20261008,NCF,202611,387,-,-,387,0,0.00%,12,389.5,48,380.5,387.5,400,364,,一般,
20261008,NCF,202612,-,-,-,-,-,-,0,385.5,5,367.5,401,389,362.5,,一般,
20261008,NCF,202703,-,-,-,-,-,-,0,384.5,0,-,-,-,-,,一般,
20261008,NCF,202706,-,-,-,-,-,-,0,384,0,-,-,-,-,,一般,
20261008,NBF,202610,-,-,-,-,-,-,0,241,16,227.5,-,236,229.5,,一般,
20261008,NBF,202611,-,-,-,-,-,-,0,240,0,227.5,-,-,-,,一般,
20261008,NBF,202612,-,-,-,-,-,-,0,241,0,-,-,-,-,,一般,
20261008,NBF,202703,-,-,-,-,-,-,0,243,0,-,-,-,-,,一般,
20261008,NBF,202706,-,-,-,-,-,-,0,241,0,-,-,-,-,,一般,
20261008,NB1,202703,-,-,-,-,-,-,0,243,1,-,-,207,207,,一般,
20261008,NAF,202610,586,594,570,584,-8,-1.35%,2086,581,9086,581,584,634,353,,一般,
20261008,NAF,202611,583,595,572,583,-11,-1.85%,201,581,1269,582,586,633,469,,一般,
20261008,NAF,202612,-,-,-,-,-,-,0,582,27,578,593,634,265.5,,一般,
20261008,NAF,202703,-,-,-,-,-,-,0,581,1,572,609,449,380.5,,一般,
20261008,NAF,202706,-,-,-,-,-,-,0,584,0,566,644,-,-,,一般,
20261008,MYF,202610,97.1,97.3,97,97,-0.1,-0.10%,8,97.7,13,94.8,97.7,97.3,95.2,,一般,
20261008,MYF,202611,-,-,-,-,-,-,0,98,0,90.3,98.4,-,-,,一般,
20261008,MYF,202612,-,-,-,-,-,-,0,98.4,1,-,-,109.5,109.5,,一般,
20261008,MYF,202703,-,-,-,-,-,-,0,97.3,0,-,-,-,-,,一般,
20261008,MYF,202706,-,-,-,-,-,-,0,97.3,0,-,-,-,-,,一般,
20261008,MVF,202610,39.4,39.4,39.4,39.4,-0.15,-0.38%,26,39.4,126,38.6,-,42.6,37.5,,一般,
20261008,MVF,202611,39.55,-,-,39.55,0,0.00%,24,39.4,32,38.65,-,-,-,,一般,
20261008,MVF,202612,-,-,-,-,-,-,0,39.4,0,38.6,-,-,-,,一般,
20261008,MVF,202703,-,-,-,-,-,-,0,39.4,2,38.6,-,48.6,48.45,,一般,
20261008,MVF,202706,-,-,-,-,-,-,0,39.4,0,38.6,-,-,-,,一般,
20261008,MTX,202610W2,49383,49383,49200,49200,-520,-1.05%,9,49188,15,49137,49188,49950,49088,,一般,
20261008,MTX,202610W2,49364,49384,49088,49384,-336,-0.68%,8,NULL,-,49379,49444,49950,49088,,盤後,
20261008,MTX,202610,49480,49692,49336,49344,-624,-1.25%,81030,49357,31863,49344,49349,50265,39800,,一般,
20261008,MTX,202610,49912,49931,49256,49592,-376,-0.75%,89258,NULL,-,49595,49599,50265,39800,,盤後,
20261008,MTX,202611,49744,49888,49544,49557,-587,-1.17%,1483,49575,3796,49546,49557,50445,44500,,一般,
20261008,MTX,202611,50104,50108,49468,49785,-359,-0.72%,2661,NULL,-,49795,49801,50445,44500,,盤後,
20261008,MTX,202612,49850,50050,49710,49710,-611,-1.21%,204,49711,1566,49711,49721,50591,27401,,一般,
20261008,MTX,202612,50283,50283,49633,50000,-321,-0.64%,330,NULL,-,49956,49968,50591,27401,,盤後,
20261008,MTX,202703,50401,50590,50268,50268,-570,-1.12%,13,50264,503,50255,50284,51097,32298,,一般,
20261008,MTX,202703,50715,50738,50191,50427,-411,-0.81%,51,NULL,-,50475,50509,51097,32298,,盤後,
20261008,MTX,202706,51060,51060,50966,50966,-394,-0.77%,7,50802,175,50784,50819,52000,41738,,一般,
20261008,MTX,202706,51147,51147,50850,51020,-340,-0.66%,9,NULL,-,50995,51034,52000,41738,,盤後,
20261008,MTX,202709,51075,51148,50888,50888,-545,-1.06%,12,50861,232,50860,50883,51664,47390,,一般,
20261008,MTX,202709,51276,51276,50727,51002,-431,-0.84%,15,NULL,-,51070,51107,51664,47390,,盤後,
20261008,MQF,202610,280,293,274.5,283,3,1.07%,2112,283,3409,282.5,283.5,306,193,,一般,
20261008,MQF,202611,290.5,293.5,276,284,4.5,1.61%,134,284,262,283.5,284.5,307.5,220,,一般,
20261008,MQF,202612,-,-,-,-,-,-,0,283.5,2,283,293,188,188,,一般,
20261008,MQF,202703,-,-,-,-,-,-,0,284,0,-,-,-,-,,一般,
20261008,MQF,202706,-,-,-,-,-,-,0,284,0,-,-,-,-,,一般,
20261008,MKF,202610,78.2,81.6,78.2,80.6,1.4,1.77%,311,80.6,293,80.6,81.2,82.5,75,,一般,
20261008,MKF,202611,81.3,81.3,80.5,80.5,1.4,1.77%,14,80.5,67,80.4,81.2,81.3,75.2,,一般,
20261008,MKF,202612,-,-,-,-,-,-,0,80.8,3,78.1,83.3,79.6,77,,一般,
20261008,MKF,202703,-,-,-,-,-,-,0,80.5,1,-,-,79,79,,一般,
20261008,MKF,202706,-,-,-,-,-,-,0,80.7,0,-,-,-,-,,一般,
20261008,MJF,202610,2370,2379,2323,2339,-69,-2.87%,46,2338,164,2334,2339,2560,1950,,一般,
20261008,MJF,202611,2416,-,-,2416,0,0.00%,5,2350,63,2339,2349,2480,2060,,一般,
20261008,MJF,202612,-,-,-,-,-,-,0,2338,4,2324,-,2261,2207,,一般,
20261008,MJF,202703,-,-,-,-,-,-,0,2327,0,-,-,-,-,,一般,
20261008,MJF,202706,-,-,-,-,-,-,0,2332,0,-,-,-,-,,一般,
20261008,MBF,202610,44.7,45.55,44.7,45.1,0.2,0.45%,33,45.1,188,45.05,45.1,45.55,40.2,,一般,
20261008,MBF,202611,45.05,45.05,44.85,44.85,-0.2,-0.44%,2,44.85,7,44.85,45.4,45.1,42.7,,一般,
20261008,MBF,202612,-,-,-,-,-,-,0,45,1,-,-,63.8,40.95,,一般,
20261008,MBF,202703,-,-,-,-,-,-,0,45,1,-,-,63.5,50.2,,一般,
20261008,MBF,202706,-,-,-,-,-,-,0,45.1,0,-,-,-,-,,一般,
20261008,M1F,202610,37912,38065,37691,37960,-71,-0.19%,118,37960,378,34950,38062,38121,34792,,一般,
20261008,M1F,202610,37978,37978,37521,37802,-229,-0.60%,223,NULL,-,37525,-,38121,34792,,盤後,
20261008,M1F,202611,38001,38204,38001,38135,-53,-0.14%,23,38135,93,35110,38242,38258,35808,,一般,
20261008,M1F,202611,38093,38093,37888,37972,-216,-0.57%,182,NULL,-,37660,-,38258,35808,,盤後,
20261008,M1F,202612,-,-,-,-,-,-,0,36958,0,-,-,-,-,,一般,
20261008,M1F,202612,-,-,-,-,-,-,0,NULL,-,-,-,-,-,,盤後,
20261008,M1F,202703,-,-,-,-,-,-,0,37519,0,-,-,-,-,,一般,
20261008,M1F,202703,-,-,-,-,-,-,0,NULL,-,-,-,-,-,,盤後,
20261008,M1F,202706,-,-,-,-,-,-,0,37997,0,-,-,-,-,,一般,
20261008,M1F,202706,-,-,-,-,-,-,0,NULL,-,-,-,-,-,,盤後,
20261008,M1F,202709,-,-,-,-,-,-,0,38384,0,-,-,-,-,,一般,
20261008,M1F,202709,-,-,-,-,-,-,0,NULL,-,-,-,-,-,,盤後,
20261008,LYF,202610,1480,1498,1441,1457,-28,-1.89%,660,1466,1211,1456,1469,1563,1020,,一般,
20261008,LYF,202611,1450,1486,1450,1460,-28,-1.88%,25,1470,611,1458,1472,1565,1065,,一般,
20261008,LYF,202612,-,-,-,-,-,-,0,1463,1,1451,1489,1313,820,,一般,
20261008,LYF,202703,-,-,-,-,-,-,0,1465,0,1446,1529,-,-,,一般,
20261008,LYF,202706,-,-,-,-,-,-,0,1465,0,1440,1549,-,-,,一般,
20261008,LXF,202610,647,649,621,640,-11,-1.69%,4825,640,11517,639,640,690,510,,一般,
20261008,LXF,202611,645,646,621,640,-12,-1.84%,517,642,1641,640,641,689,532,,一般,
20261008,LXF,202612,-,-,-,-,-,-,0,643,14,638,655,1110,250,,一般,
20261008,LXF,202703,-,-,-,-,-,-,0,645,2,645,-,1155,572,,一般,
20261008,LXF,202706,-,-,-,-,-,-,0,639,3,625,-,603,546,,一般,
20261008,LWF,202610,298,311,298,311,12.5,4.19%,12,311,46,309.5,313,314.5,272,,一般,
20261008,LWF,202611,299,311,299,311,12,4.01%,2,311,4,309.5,314.5,311,273,,一般,
20261008,LWF,202612,-,-,-,-,-,-,0,311,0,299.5,323,-,-,,一般,
20261008,LWF,202703,-,-,-,-,-,-,0,311.5,0,-,-,-,-,,一般,
20261008,LWF,202706,-,-,-,-,-,-,0,310.5,0,273,-,-,-,,一般,
20261008,LVF,202610,106,106.5,106,106,-0.5,-0.47%,56,106,668,105.5,106.5,116,106,,一般,
20261008,LVF,202611,107,-,-,107,0,0.00%,1,106.5,173,106,107.5,113,106.5,,一般,
20261008,LVF,202612,-,-,-,-,-,-,0,106,0,105,110,-,-,,一般,
20261008,LVF,202703,-,-,-,-,-,-,0,106,0,102,-,-,-,,一般,
20261008,LVF,202706,-,-,-,-,-,-,0,106,0,100.5,-,-,-,,一般,
20261008,LV1,202612,-,-,-,-,-,-,0,106,2,-,-,120,108,,一般,
20261008,LUF,202610,599,618,589,595,-4,-0.67%,3787,595,5110,594,595,618,424,,一般,
20261008,LUF,202611,593,613,591,597,-1,-0.17%,246,597,735,596,597,613,467,,一般,
20261008,LUF,202612,606,606,606,606,6,1.00%,10,599,44,597,601,662,164,,一般,
20261008,LUF,202703,-,-,-,-,-,-,0,591,0,590,-,632,377.5,,一般,
20261008,LUF,202706,-,-,-,-,-,-,0,595,2,-,619,582,482,,一般,
20261008,LTF,202610,106,107,106,106.5,0.5,0.47%,19,106.5,77,106.5,107,107.5,103.5,,一般,
20261008,LTF,202611,107,107,107,107,0,0.00%,3,107,7,107,107.5,107.5,104.5,,一般,
20261008,LTF,202612,-,-,-,-,-,-,0,107,0,103,110.5,-,-,,一般,
20261008,LTF,202703,-,-,-,-,-,-,0,107,0,-,-,-,-,,一般,
20261008,LTF,202706,-,-,-,-,-,-,0,107,0,-,-,-,-,,一般,
20261008,LRF,202610,39.4,39.45,37.55,37.6,-1.05,-2.72%,138,37.6,1501,37.65,37.7,40.9,32.45,,一般,
20261008,LRF,202611,37.7,37.7,37.6,37.6,-1.15,-2.97%,2,37.6,89,37.6,37.85,40.35,36.7,,一般,
20261008,LRF,202612,-,-,-,-,-,-,0,37.3,0,37.2,-,-,-,,一般,
20261008,LRF,202703,-,-,-,-,-,-,0,37.3,0,-,-,-,-,,一般,
20261008,LRF,202706,-,-,-,-,-,-,0,37.3,0,-,-,-,-,,一般,
20261008,LQF,202610,58,58.1,57.4,57.4,-1,-1.71%,223,57.4,3017,57.4,57.5,68.6,57.4,,一般,
20261008,LQF,202611,57.8,57.8,57.6,57.6,-0.9,-1.54%,11,57.6,193,57.5,57.7,62.3,57.6,,一般,
20261008,LQF,202612,59,59,58.5,58.5,0.5,0.86%,2,58,21,58,-,76.7,46,,一般,
20261008,LQF,202703,-,-,-,-,-,-,0,57.1,4,58,-,65.8,59.9,,一般,
20261008,LQF,202706,-,-,-,-,-,-,0,57.1,0,-,-,-,-,,一般,
20261008,LOF,202610,26.45,26.6,26.45,26.5,0.05,0.19%,38,26.5,280,26.45,26.55,27.7,24.9,,一般,
20261008,LOF,202611,26.55,26.55,26.55,26.55,0.05,0.19%,1,26.55,25,26.55,26.75,27.65,26.25,,一般,
20261008,LOF,202612,-,-,-,-,-,-,0,26.3,0,-,-,-,-,,一般,
20261008,LOF,202703,-,-,-,-,-,-,0,26.25,0,-,-,-,-,,一般,
20261008,LOF,202706,-,-,-,-,-,-,0,26.3,0,-,-,-,-,,一般,
20261008,LMF,202610,67.9,68.7,67,68.5,0.5,0.74%,13,68.5,201,67.1,68.8,82.6,66,,一般,
20261008,LMF,202611,68.5,68.5,68.5,68.5,0.7,1.03%,1,68.5,18,67.2,69.3,68.5,67.6,,一般,
20261008,LMF,202612,-,-,-,-,-,-,0,68.7,0,-,-,70.4,62.8,,一般,
20261008,LMF,202703,-,-,-,-,-,-,0,68.6,0,-,-,-,-,,一般,
20261008,LMF,202706,-,-,-,-,-,-,0,68.6,0,-,-,-,-,,一般,
20261008,LIF,202610,63.6,65,63.4,63.7,-1.6,-2.45%,28,63.7,534,63.7,63.8,82.4,60.2,,一般,
20261008,LIF,202611,64.3,64.3,64,64,-1.6,-2.44%,5,64,39,63.7,64.2,65.6,63.7,,一般,
20261008,LIF,202612,-,-,-,-,-,-,0,63.9,0,61.7,65.9,75.6,75.6,,一般,
20261008,LIF,202703,-,-,-,-,-,-,0,63.2,0,-,-,-,-,,一般,
20261008,LIF,202706,-,-,-,-,-,-,0,63.2,0,-,-,-,-,,一般,
20261008,LEF,202610,1062,1103,1060,1071,-19,-1.74%,360,1047,824,1028,1070,1133,640,,一般,
20261008,LEF,202611,1094,1096,1068,1071,-23,-2.10%,62,1065,151,1027,1070,1102,876,,一般,
20261008,LEF,202612,-,-,-,-,-,-,0,1060,7,1006,1100,662,443.5,,一般,
20261008,LEF,202703,-,-,-,-,-,-,0,1047,2,-,-,1106,632,,一般,
20261008,LEF,202706,-,-,-,-,-,-,0,1045,0,1005,1170,-,-,,一般,
20261008,LCF,202610,122.5,124,122.5,123.5,1,0.82%,1144,123.5,2632,123,124,125,113,,一般,
20261008,LCF,202611,123,123.5,122.5,123.5,1.5,1.23%,859,123.5,3833,123,123.5,124.5,118.5,,一般,
20261008,LCF,202612,-,-,-,-,-,-,0,123.5,0,119,126,-,-,,一般,
20261008,LCF,202703,-,-,-,-,-,-,0,123,0,-,-,-,-,,一般,
20261008,LCF,202706,-,-,-,-,-,-,0,123.5,0,-,-,-,-,,一般,
20261008,LBF,202610,577,595,571,586,4,0.69%,35,586,296,580,-,595,466,,一般,
20261008,LBF,202611,579,587,575,587,3,0.51%,4,587,11,582,-,590,505,,一般,
20261008,LBF,202612,599,599,599,599,18,3.10%,1,585,8,-,-,599,433.5,,一般,
20261008,LBF,202703,-,-,-,-,-,-,0,585,0,-,-,-,-,,一般,
20261008,LBF,202706,-,-,-,-,-,-,0,585,0,-,-,-,-,,一般,
20261008,KWF,202610,48,48.35,47.8,48,-0.3,-0.62%,32,48,812,48,48.25,49.8,43.8,,一般,
20261008,KWF,202611,48.05,48.05,48.05,48.05,-0.4,-0.83%,1,48.1,41,47.75,48.45,48.3,46.5,,一般,
20261008,KWF,202612,-,-,-,-,-,-,0,47.85,2,-,-,50,47.6,,一般,
20261008,KWF,202703,47,47,47,47,-1.45,-2.99%,1,48.15,1,-,-,55.1,47,,一般,
20261008,KWF,202706,-,-,-,-,-,-,0,48.1,9,-,-,49,48.95,,一般,
20261008,KUF,202610,66.9,67.5,63,64.4,-2.1,-3.16%,13629,64.5,10546,64.3,64.4,67.5,53,,一般,
20261008,KUF,202611,66.6,67.3,62.9,64.3,-2,-3.02%,2078,64.3,3020,64.1,64.3,67.3,56.7,,一般,
20261008,KUF,202612,66,66,66,66,0,0.00%,2,64,24,-,65.4,76,43.65,,一般,
20261008,KUF,202703,66.5,66.5,63,63,-3.1,-4.69%,6,63,15,-,63.8,70.8,56.1,,一般,
20261008,KUF,202706,-,-,-,-,-,-,0,64.3,4,-,63,66.3,66.3,,一般,
20261008,KSF,202610,205,205,205,205,1.5,0.74%,1,203.5,53,200.5,211,206.5,190,,一般,
20261008,KSF,202611,-,-,-,-,-,-,0,205,12,200.5,212.5,205,192,,一般,
20261008,KSF,202612,-,-,-,-,-,-,0,201,0,194,218,-,-,,一般,
20261008,KSF,202703,-,-,-,-,-,-,0,201.5,0,-,-,-,-,,一般,
20261008,KSF,202706,-,-,-,-,-,-,0,201.5,0,-,-,-,-,,一般,
20261008,KPF,202610,29.7,30.3,29.65,29.95,0.55,1.87%,153,29.95,460,29.7,30.05,30.45,27.8,,一般,
20261008,KPF,202611,30.35,30.35,30.35,30.35,0.8,2.71%,2,29.95,33,29.75,30.15,30.35,29,,一般,
20261008,KPF,202612,-,-,-,-,-,-,0,30,250,30,-,30.5,24.35,,一般,
20261008,KPF,202703,-,-,-,-,-,-,0,30.2,149,-,-,29.6,24.25,,一般,
20261008,KPF,202706,-,-,-,-,-,-,0,30.6,228,-,-,30.5,27.15,,一般,
20261008,KOF,202610,-,-,-,-,-,-,0,128,88,126,129.5,133,124,,一般,
20261008,KOF,202611,-,-,-,-,-,-,0,128.5,27,127,130.5,125,124.5,,一般,
20261008,KOF,202612,-,-,-,-,-,-,0,128,20,-,134,127.5,115,,一般,
20261008,KOF,202703,-,-,-,-,-,-,0,128.5,0,-,-,-,-,,一般,
20261008,KOF,202706,-,-,-,-,-,-,0,128.5,0,-,-,-,-,,一般,
20261008,KLF,202610,24.95,25.3,24.85,25.2,0.1,0.40%,89,25.2,1026,25.1,25.3,25.6,24.05,,一般,
20261008,KLF,202611,-,-,-,-,-,-,0,25.25,11,25.1,25.4,24.95,24.6,,一般,
20261008,KLF,202612,-,-,-,-,-,-,0,25.3,23,-,-,31.8,24.8,,一般,
20261008,KLF,202703,-,-,-,-,-,-,0,25.45,35,-,-,25,24.5,,一般,
20261008,KLF,202706,-,-,-,-,-,-,0,25.45,30,-,-,25.6,24.7,,一般,
20261008,KKF,202610,-,-,-,-,-,-,0,29.75,16,29,31.9,31.35,29.35,,一般,
20261008,KKF,202611,-,-,-,-,-,-,0,29.9,1,28.8,32.1,31.45,29.95,,一般,
20261008,KKF,202612,-,-,-,-,-,-,0,29.75,0,-,-,-,-,,一般,
20261008,KKF,202703,-,-,-,-,-,-,0,29.55,0,-,-,-,-,,一般,
20261008,KKF,202706,-,-,-,-,-,-,0,29.55,0,-,-,-,-,,一般,
20261008,KIF,202610,300.5,326.5,298.5,301.5,-6,-1.95%,6597,302,8128,301.5,302,368,250.5,,一般,
20261008,KIF,202611,303,325,300.5,300.5,-5,-1.64%,494,300.5,962,300,301,325,254,,一般,
20261008,KIF,202612,-,-,-,-,-,-,0,301.5,5,291,312.5,353,115.5,,一般,
20261008,KIF,202703,-,-,-,-,-,-,0,301.5,6,291.5,-,349.5,137,,一般,
20261008,KIF,202706,-,-,-,-,-,-,0,303,4,-,311.5,349,276,,一般,
20261008,KGF,202610,254,260.5,253,257,-1,-0.39%,216,257,775,256.5,257,272,217.5,,一般,
20261008,KGF,202611,258.5,259,258,258,-1.5,-0.58%,10,258,50,257.5,258,269,235.5,,一般,
20261008,KGF,202612,-,-,-,-,-,-,0,255.5,10,255.5,264,292,168,,一般,
20261008,KGF,202703,-,-,-,-,-,-,0,256,1,-,-,256.5,218.5,,一般,
20261008,KGF,202706,-,-,-,-,-,-,0,255,0,-,-,-,-,,一般,
20261008,KFF,202610,43.4,43.4,42.95,43.1,-0.8,-1.82%,99,43.1,1434,43.05,43.15,45.7,41.05,,一般,
20261008,KFF,202611,43,43.25,43,43.15,-0.8,-1.82%,20,43.15,204,43.1,43.2,45.15,41.45,,一般,
20261008,KFF,202612,-,-,-,-,-,-,0,43.3,7,43.15,-,63.8,53.4,,一般,
20261008,KFF,202703,-,-,-,-,-,-,0,42.8,2,-,-,55.8,53,,一般,
20261008,KFF,202706,-,-,-,-,-,-,0,43.1,0,-,-,-,-,,一般,
20261008,KEF,202610,250.5,258,241.5,247,-5.5,-2.18%,1474,247,1807,246.5,247,258,176,,一般,
20261008,KEF,202611,252,258.5,247.5,248,-5.5,-2.17%,61,248,167,247,248,258.5,185.5,,一般,
20261008,KEF,202612,-,-,-,-,-,-,0,247,7,238.5,255.5,213.5,127,,一般,
20261008,KEF,202703,-,-,-,-,-,-,0,245,0,238.5,-,-,-,,一般,
20261008,KEF,202706,-,-,-,-,-,-,0,244.5,0,-,-,-,-,,一般,
20261008,KDF,202610,240.5,246.5,236.5,246.5,4.5,1.86%,157,246.5,624,246,246.5,249,193,,一般,
20261008,KDF,202611,240.5,246,238,246,3.5,1.44%,4,246,37,246,247.5,246,232,,一般,
20261008,KDF,202612,-,-,-,-,-,-,0,244,0,238,254.5,190,160,,一般,
20261008,KDF,202703,-,-,-,-,-,-,0,245.5,0,-,-,-,-,,一般,
20261008,KDF,202706,-,-,-,-,-,-,0,243,0,-,-,-,-,,一般,
20261008,KCF,202610,306,313,296,309,-1,-0.32%,2609,309,4120,309,310,317.5,263,,一般,
20261008,KCF,202611,304.5,313,296.5,309.5,-1.5,-0.48%,332,309.5,435,309,310.5,318,278,,一般,
20261008,KCF,202612,300.5,300.5,300.5,300.5,-9,-2.91%,1,306,14,306,320,380,200.5,,一般,
20261008,KCF,202703,-,-,-,-,-,-,0,312.5,6,302,330,340.5,258,,一般,
20261008,KCF,202706,-,-,-,-,-,-,0,305.5,0,301,-,-,-,,一般,
20261008,KBF,202610,781,812,768,811,12,1.50%,1416,812,2426,811,812,819,482,,一般,
20261008,KBF,202611,788,812,778,812,12,1.50%,92,812,260,812,814,820,498,,一般,
20261008,KBF,202612,-,-,-,-,-,-,0,814,5,813,815,795,114.5,,一般,
20261008,KBF,202703,-,-,-,-,-,-,0,808,0,-,-,-,-,,一般,
20261008,KBF,202706,-,-,-,-,-,-,0,805,0,-,-,-,-,,一般,
20261008,KAF,202610,-,-,-,-,-,-,0,91.4,164,90.5,92.2,97,88.8,,一般,
20261008,KAF,202611,-,-,-,-,-,-,0,91.3,1,91.1,92.8,91.4,91.4,,一般,
20261008,KAF,202612,-,-,-,-,-,-,0,91.1,0,87.6,95.2,-,-,,一般,
20261008,KAF,202703,-,-,-,-,-,-,0,91.1,0,-,-,-,-,,一般,
20261008,KAF,202706,-,-,-,-,-,-,0,90.5,0,-,-,-,-,,一般,
20261008,KA1,202612,-,-,-,-,-,-,0,91.1,6,-,-,109,83.7,,一般,
20261008,KA1,202703,-,-,-,-,-,-,0,91.1,10,-,-,-,-,,一般,
20261008,JZF,202610,17.7,17.8,17.45,17.45,-0.55,-3.06%,169,17.45,494,17.4,18.5,18.6,16.8,,一般,
20261008,JZF,202611,-,-,-,-,-,-,0,17.5,6,17.4,18.65,18.3,17.3,,一般,
20261008,JZF,202612,-,-,-,-,-,-,0,17.15,12,-,-,20,14.25,,一般,
20261008,JZF,202703,-,-,-,-,-,-,0,17.3,1,-,-,22.3,18.2,,一般,
20261008,JZF,202706,-,-,-,-,-,-,0,17.35,0,-,-,-,-,,一般,
20261008,JXF,202610,32,32.4,32,32.15,-0.5,-1.53%,6,32.15,269,32.1,33.05,33.2,30.5,,一般,
20261008,JXF,202611,32.55,32.55,32.55,32.55,-0.35,-1.06%,1,32.4,25,32.1,33.25,33.35,31.6,,一般,
20261008,JXF,202612,-,-,-,-,-,-,0,32.2,1,32.1,-,31.8,31.8,,一般,
20261008,JXF,202703,-,-,-,-,-,-,0,32.2,0,32.1,-,-,-,,一般,
20261008,JXF,202706,-,-,-,-,-,-,0,32.2,0,32.1,-,-,-,,一般,
20261008,JWF,202610,71.8,72.6,71.8,72.6,1.1,1.54%,16,72.6,99,71,72.6,78.6,71.1,,一般,
20261008,JWF,202611,71.4,-,-,71.4,0,0.00%,8,72.5,64,71.4,73,76.5,71.4,,一般,
20261008,JWF,202612,-,-,-,-,-,-,0,72.5,60,70,74.9,83,76.5,,一般,
20261008,JWF,202703,-,-,-,-,-,-,0,72.6,5,70.5,-,83,83,,一般,
20261008,JWF,202706,-,-,-,-,-,-,0,73.1,0,71.5,-,-,-,,一般,
20261008,JSF,202610,90.3,90.4,89.6,89.9,-0.3,-0.33%,48,89.9,514,89.8,90.4,95.5,88.2,,一般,
20261008,JSF,202611,90.4,90.4,90.4,90.4,0,0.00%,1,90.4,51,89.6,91,91.5,89.8,,一般,
20261008,JSF,202612,-,-,-,-,-,-,0,89.8,2,89.2,93.3,93,81,,一般,
20261008,JSF,202703,-,-,-,-,-,-,0,89.5,0,-,-,-,-,,一般,
20261008,JSF,202706,-,-,-,-,-,-,0,89,0,-,-,-,-,,一般,
20261008,JPF,202610,119,120,117,118,-2.5,-2.07%,123,118,1370,117.5,118,121,98.2,,一般,
20261008,JPF,202611,118.5,118.5,117.5,117.5,-1.5,-1.26%,15,117.5,86,117.5,118.5,120,112,,一般,
20261008,JPF,202612,-,-,-,-,-,-,0,117,2,115,122,126,100.5,,一般,
20261008,JPF,202703,-,-,-,-,-,-,0,117,0,-,-,-,-,,一般,
20261008,JPF,202706,-,-,-,-,-,-,0,117,0,-,-,-,-,,一般,
20261008,JNF,202610,76.1,76.6,74.5,75,-1.7,-2.22%,410,74.9,1732,74.5,75.1,82.8,60.1,,一般,
20261008,JNF,202611,76.3,76.3,74.8,75,-2.3,-2.98%,112,75,349,74.7,75.3,82.5,67.8,,一般,
20261008,JNF,202612,-,-,-,-,-,-,0,74.6,4,72.5,-,72,60,,一般,
20261008,JNF,202703,-,-,-,-,-,-,0,74.6,0,-,-,76.2,76.2,,一般,
20261008,JNF,202706,-,-,-,-,-,-,0,74.7,1,72.5,79,72,72,,一般,
20261008,JMF,202610,7000,7245,6980,7135,255,3.71%,78,7180,255,7165,-,7430,5230,,一般,
20261008,JMF,202611,7010,7270,7010,7115,210,3.04%,12,7200,84,7185,-,7315,6975,,一般,
20261008,JMF,202612,-,-,-,-,-,-,0,7190,0,-,-,5850,5405,,一般,
20261008,JMF,202703,-,-,-,-,-,-,0,7115,0,-,-,-,-,,一般,
20261008,JMF,202706,-,-,-,-,-,-,0,7080,0,-,-,-,-,,一般,
20261008,JFF,202610,1862,1932,1862,1911,73,3.97%,43,1934,103,1917,1984,1932,1500,,一般,
20261008,JFF,202611,1845,-,-,1845,0,0.00%,3,1942,24,1923,1990,1855,1625,,一般,
20261008,JFF,202612,-,-,-,-,-,-,0,1937,0,-,-,1995,1919,,一般,
20261008,JFF,202703,-,-,-,-,-,-,0,1913,0,-,-,-,-,,一般,
20261008,JFF,202706,-,-,-,-,-,-,0,1916,0,-,-,-,-,,一般,
20261008,JBF,202610,8435,8600,8400,8400,-120,-1.41%,85,8380,735,8320,8400,8930,5760,,一般,
20261008,JBF,202611,8600,8600,8600,8600,55,0.64%,26,8400,192,8330,8420,8670,7375,,一般,
20261008,JBF,202612,-,-,-,-,-,-,0,8380,3,8320,8500,6160,4605,,一般,
20261008,JBF,202703,-,-,-,-,-,-,0,8375,0,8265,8700,-,-,,一般,
20261008,JBF,202706,-,-,-,-,-,-,0,8385,0,8265,8800,-,-,,一般,
20261008,IZF,202610,30.4,30.6,30,30.1,-0.7,-2.27%,22,30.1,522,30.1,30.25,35.5,27.2,,一般,
20261008,IZF,202611,30.6,30.6,30,30.1,-0.8,-2.59%,12,30.1,49,30.1,30.25,34.4,30,,一般,
20261008,IZF,202612,-,-,-,-,-,-,0,30.2,3,-,-,31.75,27.3,,一般,
20261008,IZF,202703,-,-,-,-,-,-,0,30.25,0,-,-,-,-,,一般,
20261008,IZF,202706,-,-,-,-,-,-,0,30.3,0,-,-,-,-,,一般,
20261008,IYF,202610,156,171,156,169,2,1.20%,230,169,1885,169,169.5,219,156,,一般,
20261008,IYF,202611,167,170.5,167,170.5,3.5,2.10%,7,170.5,96,169,170,179.5,167,,一般,
20261008,IYF,202612,169.5,170.5,169.5,169.5,0.5,0.30%,6,169.5,39,168.5,170.5,238.5,162.5,,一般,
20261008,IYF,202703,-,-,-,-,-,-,0,169,3,-,-,219.5,186.5,,一般,
20261008,IYF,202706,-,-,-,-,-,-,0,170,1,154,-,216.5,171,,一般,
20261008,IXF,202610,1086,1097,1050,1079,-23,-2.09%,1795,1079,5169,1076,1079,1151,773,,一般,
20261008,IXF,202611,1088,1088,1053,1081,-23,-2.08%,61,1081,269,1077,1081,1148,793,,一般,
20261008,IXF,202612,-,-,-,-,-,-,0,1081,24,1076,1099,917,229,,一般,
20261008,IXF,202703,-,-,-,-,-,-,0,1085,2,1076,1119,800,728,,一般,
20261008,IXF,202706,-,-,-,-,-,-,0,1079,0,1076,1139,831,827,,一般,
20261008,ITF,202610,211,215,203,209,-3,-1.42%,2690,209,4482,209,209.5,239,169.5,,一般,
20261008,ITF,202611,207.5,213.5,203,208,-2,-0.95%,445,208,752,207.5,208.5,235,180.5,,一般,
20261008,ITF,202612,-,-,-,-,-,-,0,208,10,202,213.5,223.5,139.5,,一般,
20261008,ITF,202703,-,-,-,-,-,-,0,206,2,-,-,225.5,184,,一般,
20261008,ITF,202706,-,-,-,-,-,-,0,209.5,0,-,-,213,169,,一般,
20261008,IRF,202610,1291,1293,1260,1268,-40,-3.06%,992,1268,2917,1267,1272,1421,878,,一般,
20261008,IRF,202611,1270,1275,1264,1269,-40,-3.06%,132,1269,824,1269,1273,1414,949,,一般,
20261008,IRF,202612,-,-,-,-,-,-,0,1268,12,1268,1291,1172,365,,一般,
20261008,IRF,202703,-,-,-,-,-,-,0,1269,3,1269,1313,1085,760,,一般,
20261008,IRF,202706,-,-,-,-,-,-,0,1266,19,1265,1303,1003,885,,一般,
20261008,IQF,202610,216,218.5,212.5,215.5,0,0.00%,523,215.5,1551,215,216,218.5,186,,一般,
20261008,IQF,202611,215.5,219,215,215.5,-2,-0.92%,133,215.5,201,215.5,217,219,204,,一般,
20261008,IQF,202612,219,219,217,217.5,0,0.00%,4,217.5,2,216.5,217.5,273,205,,一般,
20261008,IQF,202703,-,-,-,-,-,-,0,214.5,0,208,-,-,-,,一般,
20261008,IQF,202706,-,-,-,-,-,-,0,215,0,-,-,-,-,,一般,
20261008,IPF,202610,210,210,201.5,201.5,-8.5,-4.05%,173,202,1497,201,202,224,167.5,,一般,
20261008,IPF,202611,205,207,202.5,202.5,-8.5,-4.03%,23,202.5,49,201.5,203,220,181.5,,一般,
20261008,IPF,202612,-,-,-,-,-,-,0,202.5,16,200.5,203.5,242,142,,一般,
20261008,IPF,202703,-,-,-,-,-,-,0,203,2,-,-,225,162.5,,一般,
20261008,IPF,202706,-,-,-,-,-,-,0,202.5,1,-,-,179,179,,一般,
20261008,IOF,202610,533,534,530,530,-2,-0.38%,24,532,504,529,531,572,527,,一般,
20261008,IOF,202611,531,531,531,531,1,0.19%,1,531,14,529,531,551,530,,一般,
20261008,IOF,202612,-,-,-,-,-,-,0,535,0,521,551,-,-,,一般,
20261008,IOF,202703,-,-,-,-,-,-,0,528,0,519,561,-,-,,一般,
20261008,IOF,202706,-,-,-,-,-,-,0,533,1,517,-,543,480,,一般,
20261008,IMF,202610,136,139,136,137.5,-1.5,-1.08%,202,137.5,2030,137,137.5,162,129.5,,一般,
20261008,IMF,202611,137.5,137.5,137.5,137.5,-1.5,-1.08%,12,137.5,207,137,137.5,144,133.5,,一般,
20261008,IMF,202612,139,139,138,138,-2,-1.43%,3,138,118,137,138,162,118.5,,一般,
20261008,IMF,202703,-,-,-,-,-,-,0,137.5,32,132.5,-,159,121.5,,一般,
20261008,IMF,202706,-,-,-,-,-,-,0,137,9,-,-,146,127.5,,一般,
20261008,IJF,202610,6835,6965,6640,6670,-260,-3.75%,127,6660,882,6625,7000,8040,5520,,一般,
20261008,IJF,202611,6925,6925,6765,6765,-195,-2.80%,70,6685,613,6655,7030,7020,5815,,一般,
20261008,IJF,202612,-,-,-,-,-,-,0,6660,2,-,-,6795,6200,,一般,
20261008,IJF,202703,-,-,-,-,-,-,0,6675,1,-,-,6695,6695,,一般,
20261008,IJF,202706,-,-,-,-,-,-,0,6675,0,-,-,-,-,,一般,
20261008,IIF,202610,275.5,276.5,267,267.5,-4,-1.47%,461,267.5,2514,267,269,321.5,245,,一般,
20261008,IIF,202611,273,273,267.5,267.5,-5.5,-2.01%,67,267.5,208,268,270,296.5,267.5,,一般,
20261008,IIF,202612,-,-,-,-,-,-,0,268.5,7,268,271,285.5,133,,一般,
20261008,IIF,202703,-,-,-,-,-,-,0,262.5,1,-,-,268,201.5,,一般,
20261008,IIF,202706,-,-,-,-,-,-,0,263,1,-,-,283,283,,一般,
20261008,IHF,202610,-,-,-,-,-,-,0,11,102,10.8,11.25,11.25,10.9,,一般,
20261008,IHF,202611,-,-,-,-,-,-,0,11.05,1,10.9,11.35,11.15,11.15,,一般,
20261008,IHF,202612,-,-,-,-,-,-,0,11.05,10,-,-,14,11.2,,一般,
20261008,IHF,202703,-,-,-,-,-,-,0,10.95,0,-,-,-,-,,一般,
20261008,IHF,202706,-,-,-,-,-,-,0,11.15,4,-,-,11.5,11.5,,一般,
20261008,IAF,202610,17.6,17.6,17.5,17.55,-0.05,-0.28%,16,17.55,264,17.5,18.85,18.9,16.8,,一般,
20261008,IAF,202611,-,-,-,-,-,-,0,17.5,17,17.4,19,18.45,17.85,,一般,
20261008,IAF,202612,-,-,-,-,-,-,0,17.45,42,17.45,-,18.5,16.75,,一般,
20261008,IAF,202703,-,-,-,-,-,-,0,17.5,0,-,-,-,-,,一般,
20261008,IAF,202706,-,-,-,-,-,-,0,17.5,0,-,-,-,-,,一般,
20261008,IA1,202612,-,-,-,-,-,-,0,17.45,35,-,-,18.75,15.2,,一般,
20261008,HSF,202610,41.85,42,41.4,41.4,-0.45,-1.08%,320,41.4,2152,41.35,41.5,43.75,40.95,,一般,
20261008,HSF,202611,41.85,41.95,41.5,41.5,-0.45,-1.07%,53,41.5,320,41.35,41.6,43.5,41.5,,一般,
20261008,HSF,202612,-,-,-,-,-,-,0,41.6,0,-,-,-,-,,一般,
20261008,HSF,202703,-,-,-,-,-,-,0,41.5,0,-,42,-,-,,一般,
20261008,HSF,202706,-,-,-,-,-,-,0,41.35,0,-,-,-,-,,一般,
20261008,HQF,202610,36.65,37,36.35,36.8,-0.05,-0.14%,127,36.8,1541,36.8,37,39.05,34.25,,一般,
20261008,HQF,202611,36.85,36.85,36.85,36.85,0,0.00%,1,36.85,22,36.85,37.15,37.75,35.35,,一般,
20261008,HQF,202612,-,-,-,-,-,-,0,36.55,1,-,-,36.3,30.45,,一般,
20261008,HQF,202703,-,-,-,-,-,-,0,36.3,0,-,-,-,-,,一般,
20261008,HQF,202706,-,-,-,-,-,-,0,36.55,0,-,-,-,-,,一般,
20261008,HOF,202610,-,-,-,-,-,-,0,91.6,156,90.5,95.7,100,90.4,,一般,
20261008,HOF,202611,-,-,-,-,-,-,0,91.7,0,90.6,96.1,-,-,,一般,
20261008,HOF,202612,-,-,-,-,-,-,0,91.7,0,87.5,98.7,-,-,,一般,
20261008,HOF,202703,-,-,-,-,-,-,0,92.1,0,-,-,-,-,,一般,
20261008,HOF,202706,-,-,-,-,-,-,0,91.9,0,-,-,-,-,,一般,
20261008,HLF,202610,38.8,39.05,38.8,38.95,0.2,0.52%,100,38.95,1170,38.8,39,50.2,37.65,,一般,
20261008,HLF,202611,39,39,39,39,0.05,0.13%,3,39,13,38.85,39.3,47.1,38.4,,一般,
20261008,HLF,202612,-,-,-,-,-,-,0,39,20,38.8,-,46.35,37.95,,一般,
20261008,HLF,202703,-,-,-,-,-,-,0,38.95,0,38.75,-,38,38,,一般,
20261008,HLF,202706,-,-,-,-,-,-,0,38.95,0,38.75,-,-,-,,一般,
20261008,HIF,202610,37.65,37.65,37.65,37.65,0.05,0.13%,2,37.65,276,37.45,38.2,40.75,35.4,,一般,
20261008,HIF,202611,-,-,-,-,-,-,0,37.7,1,37.45,38.45,-,-,,一般,
20261008,HIF,202612,-,-,-,-,-,-,0,37.45,0,-,-,-,-,,一般,
20261008,HIF,202703,-,-,-,-,-,-,0,37.4,0,-,-,-,-,,一般,
20261008,HIF,202706,-,-,-,-,-,-,0,37.45,0,-,-,-,-,,一般,
20261008,HHF,202610,11.9,12,11.9,11.95,-0.25,-2.05%,10,11.95,305,11.85,11.95,12.9,11.8,,一般,
20261008,HHF,202611,-,-,-,-,-,-,0,11.9,29,11.9,12,12.15,11.85,,一般,
20261008,HHF,202612,-,-,-,-,-,-,0,11.95,0,11.85,-,12.3,11.95,,一般,
20261008,HHF,202703,-,-,-,-,-,-,0,11.8,0,-,-,-,-,,一般,
20261008,HHF,202706,-,-,-,-,-,-,0,11.8,0,-,-,-,-,,一般,
20261008,HH1,202612,-,-,-,-,-,-,0,11.95,2,-,-,13.5,13.4,,一般,
20261008,HCF,202610,42.2,42.45,41.7,41.7,-0.75,-1.77%,49,41.7,2258,41.75,42,47.1,38.95,,一般,
20261008,HCF,202611,42.55,42.55,42.25,42.25,-0.2,-0.47%,11,41.95,79,41.75,42.1,46.6,41,,一般,
20261008,HCF,202612,-,-,-,-,-,-,0,42,0,41,43.2,-,-,,一般,
20261008,HCF,202703,-,-,-,-,-,-,0,41.7,1,40.7,44,50.7,50,,一般,
20261008,HCF,202706,-,-,-,-,-,-,0,41.8,0,39.7,44,-,-,,一般,
20261008,HBF,202610,420.5,432.5,400,422.5,-6,-1.40%,9115,422.5,6938,422,422.5,432.5,252,,一般,
20261008,HBF,202611,420,432.5,401,423,-6,-1.40%,401,423,686,422,423,433,298.5,,一般,
20261008,HBF,202612,422,427,404.5,426.5,-2.5,-0.58%,9,422.5,11,422,423,561,123,,一般,
20261008,HBF,202703,-,-,-,-,-,-,0,422.5,1,415,452.5,631,191,,一般,
20261008,HBF,202706,-,-,-,-,-,-,0,423,0,412,452.5,-,-,,一般,
20261008,HAF,202610,42.2,42.3,40.45,40.65,-1.05,-2.52%,617,40.65,6143,40.5,40.65,45.5,32.7,,一般,
20261008,HAF,202611,41.9,42.45,40.7,40.85,-1.05,-2.51%,60,40.85,184,40.65,40.85,44.5,39.3,,一般,
20261008,HAF,202612,-,-,-,-,-,-,0,40.95,152,-,-,47,25.6,,一般,
20261008,HAF,202703,-,-,-,-,-,-,0,40.8,0,-,-,45.9,45.9,,一般,
20261008,HAF,202706,-,-,-,-,-,-,0,40.7,0,-,-,-,-,,一般,
20261008,GZF,202610,44.05,44.05,40.9,41.05,-3,-6.81%,280,41.05,663,40.9,41,48,37.7,,一般,
20261008,GZF,202611,43,43,41,41,-2.6,-5.96%,70,41,180,40.7,40.9,46.8,39.25,,一般,
20261008,GZF,202612,-,-,-,-,-,-,0,40.55,18,-,43.35,83.5,41.5,,一般,
20261008,GZF,202703,-,-,-,-,-,-,0,40.7,0,-,-,73.4,39.55,,一般,
20261008,GZF,202706,-,-,-,-,-,-,0,40.75,0,-,-,-,-,,一般,
20261008,GYF,202610,176,176.5,171,171.5,-7.5,-4.19%,1065,172,3777,171.5,172.5,192.5,133,,一般,
20261008,GYF,202611,175,176,170.5,171,-8.5,-4.74%,322,171,922,170.5,172,191,161.5,,一般,
20261008,GYF,202612,172,172,172,172,-6.5,-3.64%,1,172,27,171,173,235,87,,一般,
20261008,GYF,202703,-,-,-,-,-,-,0,172,2,-,177.5,229.5,192.5,,一般,
20261008,GYF,202706,-,-,-,-,-,-,0,171,4,-,-,174,146.5,,一般,
20261008,GXF,202610,197.5,197.5,194.5,194.5,-3,-1.52%,628,194.5,1766,194.5,195,213.5,194.5,,一般,
20261008,GXF,202611,196,196,194.5,195,-3,-1.52%,429,195,1146,194.5,195,213,194.5,,一般,
20261008,GXF,202612,-,-,-,-,-,-,0,196,7,193.5,205,251,199,,一般,
20261008,GXF,202703,-,-,-,-,-,-,0,194,0,190.5,-,-,-,,一般,
20261008,GXF,202706,-,-,-,-,-,-,0,193,0,193,-,-,-,,一般,
20261008,GWF,202610,126.5,134,126.5,131,-3,-2.24%,31,131,242,129.5,131,141,124,,一般,
20261008,GWF,202611,131.5,131.5,131.5,131.5,-2,-1.50%,14,131.5,40,129,131,137,130.5,,一般,
20261008,GWF,202612,-,-,-,-,-,-,0,131.5,1,125,135.5,155,155,,一般,
20261008,GWF,202703,-,-,-,-,-,-,0,130,0,-,-,-,-,,一般,
20261008,GWF,202706,-,-,-,-,-,-,0,131,0,-,-,-,-,,一般,
20261008,GVF,202610,21.75,21.75,21.75,21.75,-0.25,-1.14%,2,21.75,96,21.1,22.8,23.5,21.3,,一般,
20261008,GVF,202611,-,-,-,-,-,-,0,21.9,1,21.1,22.95,-,-,,一般,
20261008,GVF,202612,-,-,-,-,-,-,0,21.8,0,-,-,40.35,25.15,,一般,
20261008,GVF,202703,-,-,-,-,-,-,0,21.85,0,-,-,-,-,,一般,
20261008,GVF,202706,-,-,-,-,-,-,0,21.75,0,-,-,-,-,,一般,
20261008,GUF,202610,537,573,535,560,-2,-0.36%,830,561,3977,560,561,619,383,,一般,
20261008,GUF,202611,573,573,548,560,-2,-0.36%,36,560,244,560,563,616,520,,一般,
20261008,GUF,202612,-,-,-,-,-,-,0,565,11,561,565,603,156,,一般,
20261008,GUF,202703,-,-,-,-,-,-,0,557,2,-,590,446,314.5,,一般,
20261008,GUF,202706,-,-,-,-,-,-,0,555,0,-,-,-,-,,一般,
20261008,GTF,202610,-,-,-,-,-,-,0,423.35,0,425.8,-,-,-,,一般,
20261008,GTF,202611,-,-,-,-,-,-,0,419.35,0,-,-,-,-,,一般,
20261008,GTF,202612,-,-,-,-,-,-,0,412.75,0,-,-,-,-,,一般,
20261008,GTF,202703,-,-,-,-,-,-,0,419.5,0,-,-,-,-,,一般,
20261008,GTF,202706,-,-,-,-,-,-,0,418.45,0,-,-,-,-,,一般,
20261008,GTF,202709,-,-,-,-,-,-,0,426.1,0,-,-,-,-,,一般,
20261008,GRF,202610,298,312,284.5,305.5,3,0.99%,6058,305.5,5700,305.5,306,332,231.5,,一般,
20261008,GRF,202611,298,311,285,306,3.5,1.16%,761,306,971,306,306.5,328.5,266.5,,一般,
20261008,GRF,202612,303,312.5,292.5,312.5,9.5,3.14%,23,308,17,306,307,314,214,,一般,
20261008,GRF,202703,-,-,-,-,-,-,0,308,0,-,-,-,-,,一般,
20261008,GRF,202706,-,-,-,-,-,-,0,306,1,285,316,310,228.5,,一般,
20261008,GR1,202612,-,-,-,-,-,-,0,308,41,-,-,342.5,256,,一般,
20261008,GOF,202610,1305,1307,1292,1297,-33,-2.48%,15,1300,164,1291,1366,1357,1007,,一般,
20261008,GOF,202611,1310,1310,1310,1310,-25,-1.87%,1,1304,19,1294,1371,1310,1135,,一般,
20261008,GOF,202612,-,-,-,-,-,-,0,1305,1,1292,1377,1105,1105,,一般,
20261008,GOF,202703,-,-,-,-,-,-,0,1305,0,-,-,-,-,,一般,
20261008,GOF,202706,-,-,-,-,-,-,0,1294,0,-,-,-,-,,一般,
20261008,GNF,202610,26.3,26.3,26.05,26.3,-0.2,-0.75%,18,26.3,127,25.9,26.3,27.7,23.75,,一般,
20261008,GNF,202611,-,-,-,-,-,-,0,26.3,9,26.1,26.5,27.35,26.2,,一般,
20261008,GNF,202612,-,-,-,-,-,-,0,26,0,-,-,-,-,,一般,
20261008,GNF,202703,-,-,-,-,-,-,0,26,0,-,-,-,-,,一般,
20261008,GNF,202706,-,-,-,-,-,-,0,26.15,0,-,-,-,-,,一般,
20261008,GMF,202610,68,68.5,67.7,68.5,0,0.00%,16,68.5,151,68.1,68.6,68.5,61.4,,一般,
20261008,GMF,202611,-,-,-,-,-,-,0,68.5,2,68.1,69,63.8,63.5,,一般,
20261008,GMF,202612,-,-,-,-,-,-,0,68.4,0,65.9,70.8,66.5,57.8,,一般,
20261008,GMF,202703,-,-,-,-,-,-,0,68.1,0,-,-,-,-,,一般,
20261008,GMF,202706,-,-,-,-,-,-,0,68.5,0,-,-,-,-,,一般,
20261008,GLF,202610,40.2,41.55,40.2,41.55,0.3,0.73%,24,41.35,310,39.85,42.85,47.5,39.1,,一般,
20261008,GLF,202611,-,-,-,-,-,-,0,41.1,20,40.1,43.1,44.45,41,,一般,
20261008,GLF,202612,41,41,40.9,40.9,0,0.00%,2,40.9,6,-,-,42,37,,一般,
20261008,GLF,202703,-,-,-,-,-,-,0,40.85,0,-,-,-,-,,一般,
20261008,GLF,202706,-,-,-,-,-,-,0,41.15,0,-,-,-,-,,一般,
20261008,GKF,202610,105,105,105,105,0,0.00%,2,105,229,104,106,111,103.5,,一般,
20261008,GKF,202611,105,105,105,105,0,0.00%,2,105,115,104,106.5,106,104,,一般,
20261008,GKF,202612,-,-,-,-,-,-,0,105,1,104.5,109.5,119,119,,一般,
20261008,GKF,202703,-,-,-,-,-,-,0,105,0,104.5,-,-,-,,一般,
20261008,GKF,202706,-,-,-,-,-,-,0,105,1,100.5,-,105,105,,一般,
20261008,GJF,202610,741,750,739,749,7,0.94%,49,748,491,745,750,795,680,,一般,
20261008,GJF,202611,739,746,739,746,5,0.67%,23,749,145,742,749,788,737,,一般,
20261008,GJF,202612,-,-,-,-,-,-,0,752,4,714,781,758,486.5,,一般,
20261008,GJF,202703,-,-,-,-,-,-,0,756,1,-,-,755,595,,一般,
20261008,GJF,202706,-,-,-,-,-,-,0,753,0,731,-,-,-,,一般,
20261008,GIF,202610,155,157.5,153.5,155,-1,-0.64%,127,155,1181,154.5,155,163.5,139,,一般,
20261008,GIF,202611,156.5,156.5,156.5,156.5,0,0.00%,10,155,89,154.5,155.5,158.5,150,,一般,
20261008,GIF,202612,155.5,155.5,155.5,155.5,-1,-0.64%,1,155.5,13,154.5,155.5,173,93.5,,一般,
20261008,GIF,202703,-,-,-,-,-,-,0,153.5,0,-,157.5,171.5,134,,一般,
20261008,GIF,202706,-,-,-,-,-,-,0,153.5,0,-,158.5,168.5,136.5,,一般,
20261008,GHF,202610,360,363,357,359,-3.5,-0.97%,337,359,3917,359,359.5,395,335,,一般,
20261008,GHF,202611,357.5,362,357,359,-2,-0.55%,61,359,513,358,359,395,352,,一般,
20261008,GHF,202612,-,-,-,-,-,-,0,363.5,3,347.5,371.5,374.5,360,,一般,
20261008,GHF,202703,-,-,-,-,-,-,0,358.5,0,-,-,-,-,,一般,
20261008,GHF,202706,-,-,-,-,-,-,0,360,0,-,-,-,-,,一般,
20261008,GDF,202610,4123.9,4142.3,4123.9,4142.3,-16.2,-0.39%,9,4142.3,278,4108,4194,4717.6,4038.6,,一般,
20261008,GDF,202610,4131.3,4131.3,4092.9,4123.9,-34.6,-0.83%,26,NULL,-,4088,4184,4717.6,4038.6,,盤後,
20261008,GDF,202612,4174.1,4174.1,4174.1,4174.1,-6.7,-0.16%,1,4174.1,63,4133,4232,4607.8,4140,,一般,
20261008,GDF,202612,4140,4140,4140,4140,-40.8,-0.98%,1,NULL,-,4113,4222,4607.8,4140,,盤後,
20261008,GDF,202702,-,-,-,-,-,-,0,4188.4,0,-,-,-,-,,一般,
20261008,GDF,202702,-,-,-,-,-,-,0,NULL,-,-,-,-,-,,盤後,
20261008,GDF,202704,-,-,-,-,-,-,0,4210.6,0,-,-,-,-,,一般,
20261008,GDF,202704,-,-,-,-,-,-,0,NULL,-,-,-,-,-,,盤後,
20261008,GDF,202706,-,-,-,-,-,-,0,4245.7,0,-,-,-,-,,一般,
20261008,GDF,202706,-,-,-,-,-,-,0,NULL,-,-,-,-,-,,盤後,
20261008,GDF,202708,-,-,-,-,-,-,0,4292.2,0,-,-,-,-,,一般,
20261008,GDF,202708,-,-,-,-,-,-,0,NULL,-,-,-,-,-,,盤後,
20261008,GCF,202610,62,62.6,61.8,61.8,-0.3,-0.48%,86,61.8,1703,61.7,62,69.9,59.9,,一般,
20261008,GCF,202611,62.8,62.8,62,62,-0.4,-0.64%,33,62,211,61.9,62.2,67.7,62,,一般,
20261008,GCF,202612,-,-,-,-,-,-,0,62.3,17,61.9,62.5,68.6,53.8,,一般,
20261008,GCF,202703,-,-,-,-,-,-,0,63,7,-,-,63.8,62.8,,一般,
20261008,GCF,202706,-,-,-,-,-,-,0,63.5,3,59.8,-,67.6,61.9,,一般,
20261008,GAF,202610,97.5,97.5,97.5,97.5,0.8,0.83%,1,96.3,225,96.3,98,98.7,87,,一般,
20261008,GAF,202611,-,-,-,-,-,-,0,96.4,4,96.4,98.4,94.3,93.8,,一般,
20261008,GAF,202612,-,-,-,-,-,-,0,95.8,0,93.2,101.5,-,-,,一般,
20261008,GAF,202703,-,-,-,-,-,-,0,96.1,0,-,-,-,-,,一般,
20261008,GAF,202706,-,-,-,-,-,-,0,96.1,0,-,-,-,-,,一般,
20261008,G2F,202610,19650,19856,19600,19856,-236,-1.17%,3,19856,30,-,19989,20135,18258,,一般,
20261008,G2F,202611,19891,19990,19891,19990,-160,-0.79%,2,19990,7,-,20079,20249,19467,,一般,
20261008,G2F,202612,-,-,-,-,-,-,0,19803,0,-,-,-,-,,一般,
20261008,G2F,202703,-,-,-,-,-,-,0,19778,0,-,-,-,-,,一般,
20261008,G2F,202706,-,-,-,-,-,-,0,19949,0,-,-,-,-,,一般,
20261008,G2F,202709,-,-,-,-,-,-,0,19865,0,-,-,-,-,,一般,
20261008,FZF,202610,182,183,176.5,177,-3.5,-1.94%,6264,177,12823,176.5,177,193.5,158,,一般,
20261008,FZF,202611,182.5,183,177,177,-3.5,-1.94%,740,177,2388,177,177.5,184.5,167,,一般,
20261008,FZF,202612,182,182,177.5,177.5,-2.5,-1.39%,9,177.5,148,177,178,237.5,85.4,,一般,
20261008,FZF,202703,-,-,-,-,-,-,0,179.5,70,178,179.5,217.5,110.5,,一般,
20261008,FZF,202706,-,-,-,-,-,-,0,179.5,35,179,180.5,192.5,132,,一般,
20261008,FYF,202610,48,53.6,47.5,53.6,4.85,9.95%,4459,53.6,2505,53.6,-,53.6,30.95,,一般,
20261008,FYF,202611,48,53.5,48,53.5,4.8,9.86%,382,53.5,342,53.5,-,53.5,32.9,,一般,
20261008,FYF,202612,53.9,53.9,52.8,53.9,4.85,9.89%,96,53.9,42,53.9,-,53.9,32.4,,一般,
20261008,FYF,202703,53.4,53.4,53.3,53.3,4.75,9.78%,12,53.3,0,-,-,53.4,35.45,,一般,
20261008,FYF,202706,-,-,-,-,-,-,0,53.5,0,-,-,-,-,,一般,
20261008,FWF,202610,21.65,21.75,20.75,20.95,-0.35,-1.64%,484,20.95,961,20.85,20.95,21.75,18.55,,一般,
20261008,FWF,202611,21.25,21.25,20.85,21,-0.3,-1.41%,111,21,131,20.9,21,21.4,20.1,,一般,
20261008,FWF,202612,-,-,-,-,-,-,0,20.9,3,-,-,24,14.65,,一般,
20261008,FWF,202703,-,-,-,-,-,-,0,20.7,0,-,-,-,-,,一般,
20261008,FWF,202706,-,-,-,-,-,-,0,20.7,0,-,-,-,-,,一般,
20261008,FVF,202610,18.65,18.65,18.6,18.65,-0.35,-1.84%,18,18.65,241,18.45,18.95,19.75,18.4,,一般,
20261008,FVF,202611,-,-,-,-,-,-,0,18.6,174,18.4,18.95,19.2,19.1,,一般,
20261008,FVF,202612,-,-,-,-,-,-,0,18.6,0,-,-,-,-,,一般,
20261008,FVF,202703,-,-,-,-,-,-,0,18.6,0,-,-,-,-,,一般,
20261008,FVF,202706,-,-,-,-,-,-,0,18.55,0,-,-,-,-,,一般,
20261008,FTF,202610,244,252.5,242,249.5,1.5,0.60%,1888,249.5,3783,249.5,250,262,207,,一般,
20261008,FTF,202611,244,252.5,244,250,1,0.40%,193,250,320,249.5,250,261,219,,一般,
20261008,FTF,202612,-,-,-,-,-,-,0,250.5,21,250,251,272.5,206,,一般,
20261008,FTF,202703,-,-,-,-,-,-,0,251.5,3,251,252.5,256.5,245.5,,一般,
20261008,FTF,202706,-,-,-,-,-,-,0,252,1,252,253.5,231.5,231.5,,一般,
20261008,FT1,202612,-,-,-,-,-,-,0,251,14,-,-,289,187,,一般,
20261008,FT1,202703,-,-,-,-,-,-,0,252,5,-,-,301,194.5,,一般,
20261008,FSF,202610,30.75,30.85,30.6,30.6,-0.35,-1.13%,24,30.6,1566,30.6,30.7,33.55,30.25,,一般,
20261008,FSF,202611,30.65,30.65,30.65,30.65,-0.1,-0.33%,12,30.65,190,30.65,30.75,31.5,30.5,,一般,
20261008,FSF,202612,-,-,-,-,-,-,0,31.05,45,30.1,-,42.5,22.9,,一般,
20261008,FSF,202703,-,-,-,-,-,-,0,30.8,0,-,-,25.85,25.85,,一般,
20261008,FSF,202706,-,-,-,-,-,-,0,30.85,1,-,31.5,-,-,,一般,
20261008,FRF,202610,1992,1996,1954,1978,-13,-0.65%,934,1978,3673,1977,1981,2119,1530,,一般,
20261008,FRF,202611,1965,2001,1961,1984,-14,-0.70%,272,1984,2142,1983,1988,2076,1705,,一般,
20261008,FRF,202612,-,-,-,-,-,-,0,1992,60,1973,2001,2270,1190,,一般,
20261008,FRF,202703,-,-,-,-,-,-,0,1997,6,1977,2081,2075,1650,,一般,
20261008,FRF,202706,-,-,-,-,-,-,0,1992,0,1964,2181,-,-,,一般,
20261008,FQF,202610,301,302.5,292.5,300,-3.5,-1.15%,1981,300,3461,300,300.5,329,259,,一般,
20261008,FQF,202611,297.5,304,294,301,-3.5,-1.15%,252,301,422,301,302,304.5,279,,一般,
20261008,FQF,202612,297,303,297,303,-1.5,-0.49%,21,302,40,301.5,302.5,330.5,156,,一般,
20261008,FQF,202703,-,-,-,-,-,-,0,302.5,1,302,303.5,285,246.5,,一般,
20261008,FQF,202706,-,-,-,-,-,-,0,303,1,303,304.5,-,-,,一般,
20261008,FNF,202610,28.7,29.1,28.7,29.1,0.15,0.52%,81,29.1,821,29,29.15,32,28.25,,一般,
20261008,FNF,202611,28.8,28.8,28.75,28.8,-0.2,-0.69%,51,29.05,541,28.95,29.15,30.75,28.2,,一般,
20261008,FNF,202612,-,-,-,-,-,-,0,29.2,53,-,31,32.1,28,,一般,
20261008,FNF,202703,-,-,-,-,-,-,0,28.85,8,28.9,-,31.5,27.65,,一般,
20261008,FNF,202706,-,-,-,-,-,-,0,28.85,1,-,-,31.2,31.2,,一般,
20261008,FKF,202610,30.4,30.45,30.4,30.45,-0.05,-0.16%,5,30.45,320,30.45,30.65,31.3,29.7,,一般,
20261008,FKF,202611,-,-,-,-,-,-,0,30.3,32,30.5,30.75,31,30.35,,一般,
20261008,FKF,202612,-,-,-,-,-,-,0,30.35,0,-,-,30.75,29,,一般,
20261008,FKF,202703,-,-,-,-,-,-,0,30.35,0,-,-,-,-,,一般,
20261008,FKF,202706,-,-,-,-,-,-,0,30.2,0,-,-,-,-,,一般,
20261008,FGF,202610,10740,11210,10735,10735,-1190,-9.98%,132,10735,82,-,10735,14400,10735,,一般,
20261008,FGF,202611,10735,10765,10735,10735,-1190,-9.98%,33,10735,27,-,10735,12890,10735,,一般,
20261008,FGF,202612,-,-,-,-,-,-,0,10740,1,-,10780,11805,11805,,一般,
20261008,FGF,202703,-,-,-,-,-,-,0,10720,0,-,-,-,-,,一般,
20261008,FGF,202706,-,-,-,-,-,-,0,10720,0,-,-,-,-,,一般,
20261008,FFF,202610,339,340,333,333.5,-13,-3.75%,33,336,336,333,335.5,381,321.5,,一般,
20261008,FFF,202611,-,-,-,-,-,-,0,335,4,333.5,336.5,358.5,338,,一般,
20261008,FFF,202612,-,-,-,-,-,-,0,338,1,330,344.5,366,266,,一般,
20261008,FFF,202703,-,-,-,-,-,-,0,332,0,329,348.5,-,-,,一般,
20261008,FFF,202706,-,-,-,-,-,-,0,331,0,322.5,375.5,-,-,,一般,
20261008,FEF,202610,47.8,48.65,47.2,48.25,0.15,0.31%,138,48.25,2744,47.9,48.3,51.6,45.25,,一般,
20261008,FEF,202611,47.5,48.45,47.5,48.4,0.2,0.41%,6,48.4,65,48.05,48.5,48.7,47.05,,一般,
20261008,FEF,202612,-,-,-,-,-,-,0,48.05,2,-,-,50,37.8,,一般,
20261008,FEF,202703,-,-,-,-,-,-,0,47.75,0,-,-,-,-,,一般,
20261008,FEF,202706,-,-,-,-,-,-,0,47.85,0,-,-,-,-,,一般,
20261008,FBF,202610,-,-,-,-,-,-,0,85.8,37,84.6,86.9,88.8,80.4,,一般,
20261008,FBF,202611,-,-,-,-,-,-,0,85.5,3,83.9,87.5,-,-,,一般,
20261008,FBF,202612,-,-,-,-,-,-,0,85.8,1,-,-,84.7,84.7,,一般,
20261008,FBF,202703,-,-,-,-,-,-,0,86.1,0,-,-,-,-,,一般,
20261008,FBF,202706,-,-,-,-,-,-,0,85.8,0,-,-,-,-,,一般,
20261008,F1F,202612,10499,10499,10499,10499,-68,-0.64%,1,10499,85,-,-,11000,10406,,一般,
20261008,F1F,202612,10551,10551,10502,10502,-65,-0.62%,20,NULL,-,-,10722,11000,10406,,盤後,
20261008,F1F,202703,-,-,-,-,-,-,0,10532,46,-,-,10872,10519,,一般,
20261008,F1F,202703,-,-,-,-,-,-,0,NULL,-,-,10758,10872,10519,,盤後,
20261008,F1F,202706,-,-,-,-,-,-,0,10530,0,-,-,-,-,,一般,
20261008,F1F,202706,-,-,-,-,-,-,0,NULL,-,-,-,-,-,,盤後,
20261008,F1F,202709,-,-,-,-,-,-,0,10572,0,-,-,-,-,,一般,
20261008,F1F,202709,-,-,-,-,-,-,0,NULL,-,-,-,-,-,,盤後,
20261008,EZF,202610,-,-,-,-,-,-,0,41.4,83,39.9,41.6,44.1,41,,一般,
20261008,EZF,202611,-,-,-,-,-,-,0,41.55,10,40.1,41.8,42.15,41.6,,一般,
20261008,EZF,202612,-,-,-,-,-,-,0,41,0,-,-,-,-,,一般,
20261008,EZF,202703,-,-,-,-,-,-,0,41.1,19,-,-,46.5,42.7,,一般,
20261008,EZF,202706,-,-,-,-,-,-,0,41.2,1,-,-,46.65,46.65,,一般,
20261008,EYF,202610,11.2,12.4,11.1,12.3,1,8.85%,3079,12.3,1062,12.25,12.3,12.4,10.2,,一般,
20261008,EYF,202611,11.65,12.45,11.65,12.4,1.05,9.25%,200,12.4,211,12.3,12.4,12.45,10.7,,一般,
20261008,EYF,202612,-,-,-,-,-,-,0,12.35,10,-,-,13.5,7.14,,一般,
20261008,EYF,202703,-,-,-,-,-,-,0,12.25,0,-,-,13.1,11.25,,一般,
20261008,EYF,202706,-,-,-,-,-,-,0,12.3,1,-,12.4,11.65,10.7,,一般,
20261008,EPF,202610,1203,1250,1203,1210,-15,-1.22%,17,1210,29,1201,1218,1462,1193,,一般,
20261008,EPF,202611,1255,1255,1215,1215,-5,-0.41%,4,1215,6,1210,1227,1255,1204,,一般,
20261008,EPF,202612,-,-,-,-,-,-,0,1213,0,-,-,-,-,,一般,
20261008,EPF,202703,-,-,-,-,-,-,0,1205,0,-,-,-,-,,一般,
20261008,EPF,202706,-,-,-,-,-,-,0,1208,0,-,-,-,-,,一般,
20261008,EOF,202610,1017,1017,1010,1010,-15,-1.46%,3,1010,38,1000,1030,1060,745,,一般,
20261008,EOF,202611,-,-,-,-,-,-,0,1020,4,1003,1036,1046,893,,一般,
20261008,EOF,202612,-,-,-,-,-,-,0,1013,0,-,-,-,-,,一般,
20261008,EOF,202703,-,-,-,-,-,-,0,1013,0,-,-,-,-,,一般,
20261008,EOF,202706,-,-,-,-,-,-,0,1006,0,-,-,-,-,,一般,
20261008,EMF,202610,73,73.5,70.8,71.2,-2.6,-3.52%,514,71.3,1500,71.2,71.4,76.1,67.9,,一般,
20261008,EMF,202611,72.2,72.5,71.1,71.3,-2.5,-3.39%,70,71.3,123,71.3,71.6,74,68.8,,一般,
20261008,EMF,202612,-,-,-,-,-,-,0,71.7,14,68.9,73.7,85.3,61,,一般,
20261008,EMF,202703,-,-,-,-,-,-,0,70.7,0,-,-,-,-,,一般,
20261008,EMF,202706,-,-,-,-,-,-,0,70.4,0,-,-,-,-,,一般,
20261008,EKF,202610,14.2,14.45,13.9,14.4,0.2,1.41%,123,14.4,236,14.05,14.5,14.55,13.05,,一般,
20261008,EKF,202611,14.3,14.3,14.3,14.3,0.15,1.06%,5,14.3,8,13.6,14.6,14.3,13.55,,一般,
20261008,EKF,202612,-,-,-,-,-,-,0,14.2,0,-,-,-,-,,一般,
20261008,EKF,202703,-,-,-,-,-,-,0,14.25,0,-,-,-,-,,一般,
20261008,EKF,202706,-,-,-,-,-,-,0,14.2,0,-,-,-,-,,一般,
20261008,EHF,202610,79.8,81.3,79.7,81.3,1,1.25%,18,81.3,347,81.1,81.3,84,77,,一般,
20261008,EHF,202611,80.2,81.5,80.2,81.4,0.6,0.74%,5,81.4,32,81.1,81.9,81.5,78.5,,一般,
20261008,EHF,202612,-,-,-,-,-,-,0,81.1,1,-,-,82.5,66.2,,一般,
20261008,EHF,202703,-,-,-,-,-,-,0,80.9,0,-,-,-,-,,一般,
20261008,EHF,202706,-,-,-,-,-,-,0,80.9,0,-,-,-,-,,一般,
20261008,EGF,202610,9.17,9.3,8.95,9.12,0.12,1.33%,590,9.12,2408,9.09,9.12,9.56,7.9,,一般,
20261008,EGF,202611,9.12,9.26,9,9.15,0.15,1.67%,39,9.15,236,9.12,9.18,9.53,8.63,,一般,
20261008,EGF,202612,-,-,-,-,-,-,0,9.01,29,8.01,-,10.65,7.02,,一般,
20261008,EGF,202703,-,-,-,-,-,-,0,9.01,0,-,-,-,-,,一般,
20261008,EGF,202706,-,-,-,-,-,-,0,9.02,0,-,-,-,-,,一般,
20261008,EEF,202610,15.05,15.6,14.9,15.3,0.05,0.33%,804,15.3,1904,15.25,15.35,16.35,13.8,,一般,
20261008,EEF,202611,15.2,15.55,15.2,15.5,0.35,2.31%,33,15.35,81,15.25,15.45,15.55,14.5,,一般,
20261008,EEF,202612,-,-,-,-,-,-,0,15.2,6,-,15.9,16.2,13.05,,一般,
20261008,EEF,202703,-,-,-,-,-,-,0,15.1,20,-,-,15.75,14.15,,一般,
20261008,EEF,202706,-,-,-,-,-,-,0,15.1,0,-,-,14.4,14.4,,一般,
20261008,E4F,202610,27693,27693,27693,27693,-338,-1.21%,11,27693,15,-,-,28031,24759,,一般,
20261008,E4F,202611,27798,27798,27798,27798,-357,-1.27%,11,27798,22,-,-,28155,26262,,一般,
20261008,E4F,202612,-,-,-,-,-,-,0,26921,0,-,-,-,-,,一般,
20261008,E4F,202703,-,-,-,-,-,-,0,27311,0,-,-,-,-,,一般,
20261008,E4F,202706,-,-,-,-,-,-,0,28010,0,-,-,-,-,,一般,
20261008,E4F,202709,-,-,-,-,-,-,0,28264,0,-,-,-,-,,一般,
20261008,DZF,202610,-,-,-,-,-,-,0,51.2,20,50.4,51.5,52.9,51.3,,一般,
20261008,DZF,202611,-,-,-,-,-,-,0,51.1,4,51,51.8,-,-,,一般,
20261008,DZF,202612,-,-,-,-,-,-,0,51,0,-,-,-,-,,一般,
20261008,DZF,202703,-,-,-,-,-,-,0,50.8,0,-,-,-,-,,一般,
20261008,DZF,202706,-,-,-,-,-,-,0,50.7,0,-,-,-,-,,一般,
20261008,DYF,202610,35.8,36.55,35.8,36.35,0.35,0.97%,45,36.35,266,36.35,36.45,36.55,34.9,,一般,
20261008,DYF,202611,-,-,-,-,-,-,0,36.35,0,36.4,36.6,-,-,,一般,
20261008,DYF,202612,-,-,-,-,-,-,0,36.3,1,36.3,-,36.25,35.4,,一般,
20261008,DYF,202703,-,-,-,-,-,-,0,36.3,0,36.3,-,-,-,,一般,
20261008,DYF,202706,-,-,-,-,-,-,0,36.3,0,36.3,-,-,-,,一般,
20261008,DXF,202610,185.5,191,183,188.5,3,1.62%,4095,188.5,6607,188,188.5,202,173,,一般,
20261008,DXF,202611,186,191.5,184,189,2.5,1.34%,578,189,1216,189,189.5,196,180,,一般,
20261008,DXF,202612,-,-,-,-,-,-,0,189.5,48,189,192.5,202.5,129.5,,一般,
20261008,DXF,202703,-,-,-,-,-,-,0,189,11,190.5,-,201,163.5,,一般,
20261008,DXF,202706,189.5,192,189.5,192,3,1.59%,7,191,8,190.5,191.5,201.5,183.5,,一般,
20261008,DWF,202610,58.9,59.1,58.9,59.1,0.4,0.68%,78,59.1,327,58.9,59.2,61.2,56.5,,一般,
20261008,DWF,202611,58.9,59.3,58.9,59.3,0.4,0.68%,75,59.3,268,59.1,59.5,60.8,57.1,,一般,
20261008,DWF,202612,-,-,-,-,-,-,0,59.1,6,-,-,57.8,47.6,,一般,
20261008,DWF,202703,-,-,-,-,-,-,0,58.4,0,-,-,-,-,,一般,
20261008,DWF,202706,-,-,-,-,-,-,0,58.3,2,-,-,59.4,59.3,,一般,
20261008,DVF,202610,4820,4875,4710,4710,-150,-3.09%,738,4715,3361,4715,4725,5490,3675,,一般,
20261008,DVF,202611,4825,4825,4730,4730,-150,-3.07%,200,4730,1503,4730,4745,5420,4535,,一般,
20261008,DVF,202612,4890,-,-,4890,0,0.00%,2,4745,16,4735,4825,5000,1855,,一般,
20261008,DVF,202703,-,-,-,-,-,-,0,4850,6,4720,4975,4775,4000,,一般,
20261008,DVF,202706,-,-,-,-,-,-,0,4850,0,4720,5125,-,-,,一般,
20261008,DSF,202610,31.05,31.55,30.95,31.25,0.1,0.32%,399,31.25,3555,31.2,31.3,33,30.7,,一般,
20261008,DSF,202611,31.05,31.55,31.05,31.4,0.2,0.64%,36,31.4,208,31.2,31.35,32.5,31.05,,一般,
20261008,DSF,202612,-,-,-,-,-,-,0,31.35,14,31.15,31.55,43.9,26.9,,一般,
20261008,DSF,202703,-,-,-,-,-,-,0,31.35,8,-,-,43.65,28.75,,一般,
20261008,DSF,202706,-,-,-,-,-,-,0,31.2,0,-,-,-,-,,一般,
20261008,DQF,202610,52.1,52.6,50.7,50.9,-1.6,-3.05%,8618,50.8,32592,50.7,50.8,56.6,44.75,,一般,
20261008,DQF,202611,51.8,52.6,50.8,50.9,-1.6,-3.05%,1948,50.9,6819,50.8,50.9,56.6,48.15,,一般,
20261008,DQF,202612,52,52,50.9,50.9,-1.7,-3.23%,19,50.9,445,50.8,51,75.6,21.6,,一般,
20261008,DQF,202703,-,-,-,-,-,-,0,51.2,32,49.25,52.9,71.3,26.5,,一般,
20261008,DQF,202706,-,-,-,-,-,-,0,50.8,5,47.25,55.9,52.5,46,,一般,
20261008,DPF,202610,39.05,39.3,38.8,38.8,-0.2,-0.51%,158,38.8,620,38.6,38.85,41.1,33.35,,一般,
20261008,DPF,202611,-,-,-,-,-,-,0,38.8,36,38.65,39.1,40.95,38.35,,一般,
20261008,DPF,202612,-,-,-,-,-,-,0,38.7,0,-,-,-,-,,一般,
20261008,DPF,202703,-,-,-,-,-,-,0,38.55,0,-,-,-,-,,一般,
20261008,DPF,202706,-,-,-,-,-,-,0,38.75,0,-,-,-,-,,一般,
20261008,DOF,202610,70.1,70.1,68.5,68.5,-1.7,-2.42%,91,68.5,589,68.4,68.9,71.9,62.8,,一般,
20261008,DOF,202611,69.4,69.4,68.8,68.8,-1.6,-2.27%,5,68.8,17,68.5,69.1,70.2,67.8,,一般,
20261008,DOF,202612,-,-,-,-,-,-,0,68.8,2,-,77.4,69.8,69.8,,一般,
20261008,DOF,202703,-,-,-,-,-,-,0,68,0,-,76.5,-,-,,一般,
20261008,DOF,202706,-,-,-,-,-,-,0,68.2,0,-,76.7,-,-,,一般,
20261008,DNF,202610,45.95,46.05,45.15,45.15,-0.7,-1.53%,48,45.15,1665,45.2,45.45,47.9,37.5,,一般,
20261008,DNF,202611,45.4,45.4,45.4,45.4,-0.7,-1.52%,1,45.4,71,45.3,45.75,47.1,44.25,,一般,
20261008,DNF,202612,-,-,-,-,-,-,0,45.2,7,-,-,37.2,33,,一般,
20261008,DNF,202703,-,-,-,-,-,-,0,45.2,0,-,-,-,-,,一般,
20261008,DNF,202706,-,-,-,-,-,-,0,45.25,0,-,-,-,-,,一般,
20261008,DLF,202610,146,146.5,146,146.5,0.5,0.34%,36,146.5,320,146.5,147,147.5,136,,一般,
20261008,DLF,202611,146.5,146.5,146.5,146.5,0.5,0.34%,7,146.5,129,146.5,147,147.5,144,,一般,
20261008,DLF,202612,-,-,-,-,-,-,0,146,0,146,149,-,-,,一般,
20261008,DLF,202703,-,-,-,-,-,-,0,147,0,143.5,155,-,-,,一般,
20261008,DLF,202706,-,-,-,-,-,-,0,146.5,36,143.5,147.5,145,138.5,,一般,
20261008,DKF,202610,328.5,329,321,327,-9,-2.68%,876,327,3142,325.5,326.5,353.5,320.5,,一般,
20261008,DKF,202611,330.5,330.5,323,328,-8.5,-2.53%,102,328,740,327,328,346,323,,一般,
20261008,DKF,202612,-,-,-,-,-,-,0,329.5,27,325.5,332.5,347.5,288,,一般,
20261008,DKF,202703,-,-,-,-,-,-,0,324.5,0,319.5,341.5,-,-,,一般,
20261008,DKF,202706,-,-,-,-,-,-,0,325,0,328,346.5,-,-,,一般,
20261008,DJF,202610,989,1007,989,994,-5,-0.50%,32,997,243,994,1006,1026,911,,一般,
20261008,DJF,202611,998,-,-,998,0,0.00%,3,1001,6,995,1009,1015,953,,一般,
20261008,DJF,202612,-,-,-,-,-,-,0,997,0,994,1017,-,-,,一般,
20261008,DJF,202703,-,-,-,-,-,-,0,996,0,-,-,-,-,,一般,
20261008,DJF,202706,-,-,-,-,-,-,0,999,0,-,-,-,-,,一般,
20261008,DIF,202610,120,122,116,116.5,-2.5,-2.10%,2003,116.5,4157,116,116.5,131,114.5,,一般,
20261008,DIF,202611,121,122,116.5,116.5,-3,-2.51%,257,116.5,2343,116.5,117,123.5,115,,一般,
20261008,DIF,202612,118,118,118,118,-2,-1.67%,2,117,129,116.5,117.5,190.5,76.7,,一般,
20261008,DIF,202703,-,-,-,-,-,-,0,118.5,17,117.5,119,192.5,94.1,,一般,
20261008,DIF,202706,-,-,-,-,-,-,0,119.5,1,118.5,120,134.5,124.5,,一般,
20261008,DHF,202610,252,252,249,249.5,-3.5,-1.38%,3080,249,19493,249,249.5,268.5,239,,一般,
20261008,DHF,202611,252.5,253,250,250,-4,-1.57%,979,250,6190,250,250.5,269,249.5,,一般,
20261008,DHF,202612,253,253,251,251,-3.5,-1.38%,32,251,1217,251,251.5,319.5,192.5,,一般,
20261008,DHF,202703,254.5,254.5,253.5,253.5,-3.5,-1.36%,15,253,226,252,254,272.5,233,,一般,
20261008,DHF,202706,-,-,-,-,-,-,0,252.5,0,252.5,262,-,-,,一般,
20261008,DGF,202610,75,79.5,75,77.9,1.8,2.37%,3416,77.9,2853,77.9,78,79.5,56.5,,一般,
20261008,DGF,202611,75,79.8,75,78.2,1.8,2.36%,292,78.2,395,78.1,78.2,79.8,64.4,,一般,
20261008,DGF,202612,78.5,78.5,78,78,1.9,2.50%,2,78,61,78,80,78.5,40.7,,一般,
20261008,DGF,202703,79.9,79.9,79.9,79.9,4,5.27%,1,77.7,1,79,-,79.9,79.9,,一般,
20261008,DGF,202706,-,-,-,-,-,-,0,77.7,0,77,-,-,-,,一般,
20261008,DFF,202610,25.6,26.1,25.55,25.9,0.25,0.97%,1368,25.9,3436,25.85,25.9,26.85,23.8,,一般,
20261008,DFF,202611,25.65,26.25,25.65,26,0.2,0.78%,172,26,981,25.95,26.05,26.9,24.3,,一般,
20261008,DFF,202612,26,26.1,26,26.1,0.4,1.56%,5,26,237,25.85,26.1,26.9,22.65,,一般,
20261008,DFF,202703,-,-,-,-,-,-,0,26,220,25.95,26.55,26.6,23.75,,一般,
20261008,DFF,202706,-,-,-,-,-,-,0,26,153,-,-,26.6,24.5,,一般,
20261008,DEF,202610,44.8,44.85,44.3,44.3,-0.65,-1.45%,144,44.3,202,44.25,44.7,45.15,44.3,,一般,
20261008,DEF,202611,44.35,44.35,44.35,44.35,-0.65,-1.44%,5,44.35,7,42.15,44.4,45.05,44.35,,一般,
20261008,DEF,202612,-,-,-,-,-,-,0,44.05,0,41.3,44.35,-,-,,一般,
20261008,DEF,202703,-,-,-,-,-,-,0,44.05,0,-,-,-,-,,一般,
20261008,DEF,202706,-,-,-,-,-,-,0,44.2,0,-,-,-,-,,一般,
20261008,DE1,202610,44.9,44.9,44.6,44.6,-0.65,-1.44%,9,44.6,849,44.35,45.05,46.45,39.35,,一般,
20261008,DE1,202611,-,-,-,-,-,-,0,44.65,27,44.3,45,45.95,43.3,,一般,
20261008,DCF,202610,28.1,28.15,27.8,28.1,0.3,1.08%,12,28.1,255,28,28.15,29.9,27.3,,一般,
20261008,DCF,202611,28.1,28.1,28.1,28.1,0.3,1.08%,1,28.1,26,27.85,28.35,29.5,27.35,,一般,
20261008,DCF,202612,-,-,-,-,-,-,0,27.8,9,-,-,29.7,27,,一般,
20261008,DCF,202703,-,-,-,-,-,-,0,28,24,-,-,29.7,26.95,,一般,
20261008,DCF,202706,-,-,-,-,-,-,0,28.05,0,-,-,-,-,,一般,
20261008,DC1,202703,-,-,-,-,-,-,0,28,1,-,-,23.9,23.9,,一般,
20261008,DBF,202610,20.3,20.35,20.15,20.2,-0.2,-0.98%,87,20.2,1166,20.15,20.25,21.1,19.9,,一般,
20261008,DBF,202611,20.3,20.3,20.25,20.25,-0.15,-0.74%,3,20.25,55,20.2,20.35,20.5,20.2,,一般,
20261008,DBF,202612,-,-,-,-,-,-,0,20.05,2,-,-,20.65,20.6,,一般,
20261008,DBF,202703,-,-,-,-,-,-,0,20,0,-,-,-,-,,一般,
20261008,DBF,202706,-,-,-,-,-,-,0,20,0,-,-,-,-,,一般,
20261008,DAF,202610,59.5,60.7,59.1,60.2,0.8,1.35%,1075,60.2,5513,60.1,60.2,67.5,56.2,,一般,
20261008,DAF,202611,59.5,60.8,59.5,60.4,0.9,1.51%,64,60.4,216,60.2,60.4,62.6,58.5,,一般,
20261008,DAF,202612,-,-,-,-,-,-,0,59.9,9,59.5,61.1,66,52.9,,一般,
20261008,DAF,202703,-,-,-,-,-,-,0,59.7,3,58.4,62,66,49,,一般,
20261008,DAF,202706,-,-,-,-,-,-,0,59.3,0,58.1,63.7,-,-,,一般,
20261008,CZF,202610,233.5,236.5,232,234.5,0.5,0.21%,499,234.5,5003,234,234.5,257.5,228,,一般,
20261008,CZF,202611,235.5,237.5,233,235.5,0.5,0.21%,85,235.5,1329,235,235.5,247,233,,一般,
20261008,CZF,202612,-,-,-,-,-,-,0,235,73,235,236.5,240,189,,一般,
20261008,CZF,202703,-,-,-,-,-,-,0,235.5,10,235,238,251,201,,一般,
20261008,CZF,202706,-,-,-,-,-,-,0,235.5,1,236,-,244,244,,一般,
20261008,CYF,202610,530,540,519,534,17,3.29%,4603,533,8283,533,534,567,464,,一般,
20261008,CYF,202611,522,540,521,535,18,3.48%,377,535,1116,534,535,540,490,,一般,
20261008,CYF,202612,533,533,533,533,14,2.70%,1,533,72,534,538,551,210,,一般,
20261008,CYF,202703,535,535,535,535,19,3.68%,1,535,20,534,554,535,210,,一般,
20261008,CYF,202706,-,-,-,-,-,-,0,533,11,531,-,565,357,,一般,
20261008,CXF,202610,30.4,30.55,30.05,30.25,-0.5,-1.63%,147,30.25,1693,30.15,30.4,31.95,27.2,,一般,
20261008,CXF,202611,30.5,30.5,30.2,30.4,-0.3,-0.98%,21,30.4,202,30.15,30.45,31.7,28.6,,一般,
20261008,CXF,202612,-,-,-,-,-,-,0,30.3,4,-,-,38,33.8,,一般,
20261008,CXF,202703,-,-,-,-,-,-,0,30.3,0,-,-,-,-,,一般,
20261008,CXF,202706,-,-,-,-,-,-,0,30.2,0,-,-,-,-,,一般,
20261008,CWF,202610,28.85,28.85,28.4,28.4,-0.45,-1.56%,14,28.4,288,28.35,28.75,29.95,27.9,,一般,
20261008,CWF,202611,28.9,28.9,28.6,28.6,-0.35,-1.21%,5,28.6,17,28.5,28.95,29.95,28.6,,一般,
20261008,CWF,202612,-,-,-,-,-,-,0,28.3,174,28.15,-,37,23.3,,一般,
20261008,CWF,202703,-,-,-,-,-,-,0,28.4,23,-,-,35.4,26,,一般,
20261008,CWF,202706,-,-,-,-,-,-,0,28.3,20,29.55,-,32,32,,一般,
20261008,CSF,202610,40.2,40.4,39.2,39.2,-1,-2.49%,822,39.2,3983,39.15,39.2,41.15,36.35,,一般,
20261008,CSF,202611,40.15,40.15,39.35,39.35,-0.85,-2.11%,37,39.35,115,39.3,39.4,40.45,36.5,,一般,
20261008,CSF,202612,-,-,-,-,-,-,0,39.4,23,-,-,43.35,29.3,,一般,
20261008,CSF,202703,-,-,-,-,-,-,0,39.2,2,-,-,37.8,37.8,,一般,
20261008,CSF,202706,-,-,-,-,-,-,0,38.8,0,-,-,-,-,,一般,
20261008,CRF,202610,28.75,28.95,28.5,28.5,-0.55,-1.89%,128,28.5,492,28.5,28.75,30,27.45,,一般,
20261008,CRF,202611,28.95,29.05,28.7,28.7,-0.3,-1.03%,25,28.7,42,28.55,28.95,29.05,28,,一般,
20261008,CRF,202612,-,-,-,-,-,-,0,28.45,15,28.65,-,31.5,26.4,,一般,
20261008,CRF,202703,-,-,-,-,-,-,0,28.5,0,-,-,-,-,,一般,
20261008,CRF,202706,-,-,-,-,-,-,0,28.5,0,-,-,-,-,,一般,
20261008,CQF,202610,75.9,76.1,75.5,76.1,0.2,0.26%,39,76.1,426,75.6,76.8,77.2,72.8,,一般,
20261008,CQF,202611,-,-,-,-,-,-,0,75.9,8,73.8,-,74.8,74.8,,一般,
20261008,CQF,202612,-,-,-,-,-,-,0,75.9,0,-,-,-,-,,一般,
20261008,CQF,202703,-,-,-,-,-,-,0,76.2,0,74.5,-,-,-,,一般,
20261008,CQF,202706,-,-,-,-,-,-,0,76,0,-,-,-,-,,一般,
20261008,CNF,202610,68.4,68.4,67.5,67.7,-1.3,-1.88%,222,67.7,2399,67.6,67.8,71.7,62.5,,一般,
20261008,CNF,202611,68.3,68.3,67.8,67.8,-1.5,-2.16%,22,67.8,228,67.8,68.1,71.9,67.8,,一般,
20261008,CNF,202612,-,-,-,-,-,-,0,67.5,0,-,-,-,-,,一般,
20261008,CNF,202703,-,-,-,-,-,-,0,67.6,0,-,-,-,-,,一般,
20261008,CNF,202706,-,-,-,-,-,-,0,67.8,0,-,-,-,-,,一般,
20261008,CMF,202610,42.25,42.3,41.1,41.1,-1.25,-2.95%,312,41.1,2483,41.05,41.15,45,35.95,,一般,
20261008,CMF,202611,41.5,41.5,41.2,41.25,-1.15,-2.71%,4,41.25,423,41.15,41.25,44.85,40.4,,一般,
20261008,CMF,202612,-,-,-,-,-,-,0,41,27,-,-,42.5,34.6,,一般,
20261008,CMF,202703,-,-,-,-,-,-,0,41,19,41.6,-,45.2,35.45,,一般,
20261008,CMF,202706,-,-,-,-,-,-,0,40.55,17,-,-,44.6,36.5,,一般,
20261008,CM1,202612,-,-,-,-,-,-,0,41,96,-,-,44,23.6,,一般,
20261008,CM1,202703,-,-,-,-,-,-,0,41,11,-,-,34,24.95,,一般,
20261008,CLF,202610,49.95,50.3,49.45,49.5,-0.2,-0.40%,274,49.5,550,49.4,49.75,52.6,46.45,,一般,
20261008,CLF,202611,49.8,49.8,49.8,49.8,-0.15,-0.30%,1,49.8,13,49.5,50.1,51.8,49,,一般,
20261008,CLF,202612,-,-,-,-,-,-,0,49.1,0,49,-,-,-,,一般,
20261008,CLF,202703,-,-,-,-,-,-,0,49.2,0,-,-,-,-,,一般,
20261008,CLF,202706,-,-,-,-,-,-,0,49.4,0,-,-,-,-,,一般,
20261008,CKF,202610,114,114,110.5,110.5,-3,-2.64%,414,110.5,2070,110.5,111,115.5,97.5,,一般,
20261008,CKF,202611,113,113,111,111,-3,-2.63%,59,111,403,110.5,111.5,114.5,109,,一般,
20261008,CKF,202612,-,-,-,-,-,-,0,110,2,106.5,115,113,111,,一般,
20261008,CKF,202703,-,-,-,-,-,-,0,109.5,0,-,-,-,-,,一般,
20261008,CKF,202706,-,-,-,-,-,-,0,109.5,0,-,-,-,-,,一般,
20261008,CJF,202610,46.95,47.05,45.9,46,-1,-2.13%,254,46,589,45.15,46.05,48.25,41.25,,一般,
20261008,CJF,202611,47,47.05,46.2,46.3,-0.55,-1.17%,5,46.3,14,45.15,46.3,48.15,44.45,,一般,
20261008,CJF,202612,-,-,-,-,-,-,0,45.9,1,-,-,45.6,45.6,,一般,
20261008,CJF,202703,-,-,-,-,-,-,0,45.95,0,-,-,-,-,,一般,
20261008,CJF,202706,-,-,-,-,-,-,0,45.85,0,-,-,-,-,,一般,
20261008,CHF,202610,37.6,37.7,36.1,36.15,-1.85,-4.87%,16826,36.15,39322,36.15,36.2,43.75,24.25,,一般,
20261008,CHF,202611,37.85,37.85,36,36.05,-1.8,-4.76%,1995,36,7672,36,36.1,43.7,29.35,,一般,
20261008,CHF,202612,37.05,37.4,35.95,35.95,-1.9,-5.02%,105,35.95,897,35.9,36.05,43,14.4,,一般,
20261008,CHF,202703,37.6,37.6,37.6,37.6,-0.2,-0.53%,1,35.95,18,34.6,37.25,39.9,21.1,,一般,
20261008,CHF,202706,-,-,-,-,-,-,0,36,2,-,38.25,38.55,26,,一般,
20261008,CGF,202610,35.6,35.7,35.45,35.45,-0.7,-1.94%,381,35.45,5762,35.45,35.5,42.7,35.45,,一般,
20261008,CGF,202611,35.55,35.75,35.5,35.5,-0.6,-1.66%,138,35.5,1180,35.45,35.6,38.5,35.5,,一般,
20261008,CGF,202612,36,36,36,36,-0.2,-0.55%,1,35.55,17,35.55,-,43.55,35.3,,一般,
20261008,CGF,202703,-,-,-,-,-,-,0,35.5,1,-,-,40.2,37.8,,一般,
20261008,CGF,202706,-,-,-,-,-,-,0,35.6,0,-,-,-,-,,一般,
20261008,CFF,202610,74.7,82.7,74.6,80.7,4.8,6.32%,12483,80.6,5658,80.7,80.8,82.7,56,,一般,
20261008,CFF,202611,75,82.8,75,80.4,4.4,5.79%,1197,80.4,1115,80.5,80.7,82.8,63,,一般,
20261008,CFF,202612,76.4,82.5,76.4,80,3.7,4.85%,20,80.9,89,80.3,81.5,82.5,45,,一般,
20261008,CFF,202703,-,-,-,-,-,-,0,80.5,0,80,-,-,-,,一般,
20261008,CFF,202706,-,-,-,-,-,-,0,80.8,0,-,-,-,-,,一般,
20261008,CEF,202610,155,155,153,153,-3,-1.92%,208,153,1626,152.5,153.5,157,126,,一般,
20261008,CEF,202611,156,-,-,156,0,0.00%,7,153,134,153,154.5,156.5,149,,一般,
20261008,CEF,202612,-,-,-,-,-,-,0,153,2,147.5,159,153,140.5,,一般,
20261008,CEF,202703,-,-,-,-,-,-,0,152.5,0,-,-,-,-,,一般,
20261008,CEF,202706,-,-,-,-,-,-,0,152.5,0,-,-,-,-,,一般,
20261008,CDF,202610,2570,2590,2560,2565,-35,-1.35%,5391,2565,25464,2560,2570,2620,2360,,一般,
20261008,CDF,202610,2580,2585,2565,2570,-30,-1.15%,1685,NULL,-,2570,2575,2620,2360,,盤後,
20261008,CDF,202611,2585,2600,2575,2575,-35,-1.34%,1696,2575,6067,2575,2580,2630,2420,,一般,
20261008,CDF,202611,2595,2595,2580,2585,-25,-0.96%,576,NULL,-,2580,2585,2630,2420,,盤後,
20261008,CDF,202612,2590,2610,2585,2590,-30,-1.15%,389,2590,4142,2585,2590,2730,1795,,一般,
20261008,CDF,202612,2605,2605,2590,2595,-25,-0.95%,181,NULL,-,2590,2600,2730,1795,,盤後,
20261008,CDF,202703,2635,2640,2630,2640,-25,-0.94%,43,2635,771,2625,2640,2760,2140,,一般,
20261008,CDF,202703,2655,2655,2635,2640,-25,-0.94%,20,NULL,-,2635,2645,2760,2140,,盤後,
20261008,CDF,202706,2720,2725,2720,2725,0,0.00%,2,2690,25,2665,2785,2735,2400,,一般,
20261008,CDF,202706,-,-,-,-,-,-,0,NULL,-,2685,2715,2735,2400,,盤後,
20261008,CCF,202610,149,150,147.5,147.5,-2,-1.34%,18538,147.5,91170,147.5,148,170,112.5,,一般,
20261008,CCF,202610,148.5,150,147,150,0.5,0.33%,4120,NULL,-,149.5,150,170,112.5,,盤後,
20261008,CCF,202611,149.5,150,148,148,-2,-1.33%,4708,148,12796,147.5,148,170,144,,一般,
20261008,CCF,202611,149,150,147,150,0,0.00%,1805,NULL,-,150,150.5,170,144,,盤後,
20261008,CCF,202612,150,150.5,148.5,149,-1.5,-1.00%,204,149,974,148,149,185,59.3,,一般,
20261008,CCF,202612,149,150.5,148,150.5,0,0.00%,26,NULL,-,150,151,185,59.3,,盤後,
20261008,CCF,202703,151,151,150.5,150.5,-1.5,-0.99%,20,150.5,632,149.5,150.5,189.5,72,,一般,
20261008,CCF,202703,-,-,-,-,-,-,0,NULL,-,151.5,152.5,189.5,72,,盤後,
20261008,CCF,202706,152,152,151.5,151.5,-1,-0.66%,7,151.5,60,150.5,151.5,171.5,107,,一般,
20261008,CCF,202706,-,-,-,-,-,-,0,NULL,-,152.5,153.5,171.5,107,,盤後,
20261008,CBF,202610,19,19.05,18.9,19,0,0.00%,190,19,2287,18.95,19,19.55,18.6,,一般,
20261008,CBF,202611,19,19.1,19,19.1,0.15,0.79%,59,19.1,444,19,19.1,19.25,18.7,,一般,
20261008,CBF,202612,-,-,-,-,-,-,0,19.05,6,18.85,-,20.6,19.35,,一般,
20261008,CBF,202703,-,-,-,-,-,-,0,18.85,1,-,-,19.3,19.3,,一般,
20261008,CBF,202706,-,-,-,-,-,-,0,19.1,4,-,-,20,19.8,,一般,
20261008,CAF,202610,316,317,304.5,310.5,-5.5,-1.74%,6951,311,8624,310.5,311,324,174.5,,一般,
20261008,CAF,202611,315.5,317.5,305.5,312,-4.5,-1.42%,859,312,1826,311.5,312.5,325,224,,一般,
20261008,CAF,202612,316,316,310,315,-2.5,-0.79%,10,315,134,312,313,323,72,,一般,
20261008,CAF,202703,315,315,313,313,-3.5,-1.11%,3,313,37,312.5,313.5,320,140,,一般,
20261008,CAF,202706,316,316,315,315,-4.5,-1.41%,5,315,29,313.5,314.5,316,161,,一般,
20261008,BTF,202610,4156,4156,4156,4156,-6,-0.14%,2,4156,5,4001,4444,4357,4080,,一般,
20261008,BTF,202611,-,-,-,-,-,-,0,4168,0,-,-,-,-,,一般,
20261008,BTF,202612,-,-,-,-,-,-,0,4060,0,-,-,-,-,,一般,
20261008,BTF,202703,-,-,-,-,-,-,0,4168,0,-,-,-,-,,一般,
20261008,BTF,202706,-,-,-,-,-,-,0,4120,0,-,-,4500,4000,,一般,
20261008,BTF,202709,-,-,-,-,-,-,0,4067,0,3666,-,-,-,,一般,
20261008,BRF,202612,3240,3280,3240,3280,46.5,1.44%,6,3280,92,3163.5,3409.5,3300,2801,,一般,
20261008,BRF,202612,3237,3260,3195.5,3195.5,-38,-1.18%,33,NULL,-,3160.5,3259.5,3300,2801,,盤後,
20261008,BRF,202701,-,-,-,-,-,-,0,3190,13,3002.5,3363,3173,3002.5,,一般,
20261008,BRF,202701,3137.5,3173,3135,3135,-8.5,-0.27%,69,NULL,-,3006.5,3199.5,3173,3002.5,,盤後,
20261008,BRF,202702,-,-,-,-,-,-,0,3081.5,0,-,-,-,-,,一般,
20261008,BRF,202702,-,-,-,-,-,-,0,NULL,-,-,-,-,-,,盤後,
20261008,BRF,202706,-,-,-,-,-,-,0,2858,0,-,-,-,-,,一般,
20261008,BRF,202706,-,-,-,-,-,-,0,NULL,-,-,-,-,-,,盤後,
20261008,BRF,202712,-,-,-,-,-,-,0,2652,0,-,-,-,-,,一般,
20261008,BRF,202712,-,-,-,-,-,-,0,NULL,-,-,-,-,-,,盤後,
20261008,CAF,202610/202611,0.99,1.05,0.99,1.04,-,-,295,-,-,1.03,1.04,1.06,0.39,,一般,309
20261008,CBF,202610/202611,0.08,0.08,0.07,0.07,-,-,57,-,-,0.06,0.07,0.09,0.06,,一般,2
20261008,CCF,202610/202611,0.44,0.45,0.36,0.38,-,-,2641,-,-,0.38,0.39,0.51,0.33,,一般,1315
20261008,CCF,202610/202611,0.44,0.45,0.44,0.44,-,-,979,-,-,0.44,0.45,0.51,0.33,,盤後,492
20261008,CDF,202610/202611,10.61,10.76,10.6,10.76,-,-,866,-,-,10.75,10.76,11.01,9,,一般,236
20261008,CDF,202610/202611,10.71,11.01,10.71,10.81,-,-,184,-,-,10.8,10.81,11.01,9,,盤後,160
20261008,CEF,202610/202611,0.5,0.5,0.5,0.5,-,-,7,-,-,0.5,0.51,0.5,0.31,,一般,0
20261008,CFF,202610/202611,0.24,0.25,0.09,0.09,-,-,49,-,-,-0.2,-0.18,0.25,0.09,,一般,786
20261008,CGF,202610/202611,-0.03,0.03,-0.03,0.03,-,-,36,-,-,0.02,0.06,0.06,-0.05,,一般,51
20261008,CHF,202610/202611,-0.14,-0.13,-0.16,-0.14,-,-,489,-,-,-0.16,-0.14,0.01,-0.16,,一般,961
20261008,CKF,202610/202611,0.37,0.41,0.37,0.4,-,-,39,-,-,0.4,0.41,0.41,0.28,,一般,20
20261008,CXF,202610/202611,0.06,0.06,0.03,0.03,-,-,12,-,-,0.02,0.03,0.12,0,,一般,8
20261008,CYF,202610/202611,0.78,0.91,0.78,0.91,-,-,99,-,-,0.99,1,1.73,0.6,,一般,162
20261008,CZF,202610/202611,0.99,1.06,0.99,1.06,-,-,44,-,-,1.04,1.05,1.08,0.64,,一般,27
20261008,DAF,202610/202611,0.19,0.2,0.19,0.2,-,-,34,-,-,0.19,0.21,0.21,0.13,,一般,27
20261008,DFF,202610/202611,0.1,0.11,0.1,0.11,-,-,42,-,-,0.1,0.11,0.12,0.08,,一般,55
20261008,DGF,202610/202611,0.23,0.27,0.23,0.27,-,-,56,-,-,0.26,0.27,0.27,0.17,,一般,216
20261008,DHF,202610/202611,0.9,0.94,0.9,0.93,-,-,508,-,-,0.93,0.94,0.94,0.55,,一般,371
20261008,DIF,202610/202611,0.25,0.29,0.25,0.29,-,-,29,-,-,0.28,0.29,0.38,0.07,,一般,177
20261008,DJF,202610/202611,2.01,2.01,2.01,2.01,-,-,3,-,-,1.99,2.01,2.01,2,,一般,0
20261008,DKF,202610/202611,1.29,1.39,1.28,1.29,-,-,65,-,-,1.29,1.36,1.39,0.75,,一般,32
20261008,DLF,202610/202611,0.18,0.18,0.18,0.18,-,-,1,-,-,0.18,0.19,0.33,-0.01,,一般,6
20261008,DQF,202610/202611,0.01,0.03,0.01,0.02,-,-,846,-,-,0.02,0.03,0.07,-0.01,,一般,505
20261008,DSF,202610/202611,0.06,0.06,0.05,0.05,-,-,19,-,-,0.04,0.05,0.11,0.01,,一般,15
20261008,DVF,202610/202611,17.38,18.71,17.38,18.71,-,-,153,-,-,18.7,18.71,19.41,12.51,,一般,32
20261008,DWF,202610/202611,0.25,0.33,0.25,0.26,-,-,73,-,-,0.21,0.26,0.33,0.2,,一般,1
20261008,DXF,202610/202611,0.64,0.82,0.64,0.82,-,-,208,-,-,0.82,0.83,0.82,0.31,,一般,231
20261008,EEF,202610/202611,0.09,0.09,0.09,0.09,-,-,13,-,-,0.03,0.1,0.09,-0.01,,一般,14
20261008,EHF,202610/202611,0.44,0.44,0.44,0.44,-,-,1,-,-,0.06,0.53,0.44,0.28,,一般,2
20261008,EMF,202610/202611,0.19,0.19,0.19,0.19,-,-,20,-,-,0.12,0.18,0.21,0.11,,一般,40
20261008,FEF,202610/202611,0.14,0.14,0.14,0.14,-,-,1,-,-,0.14,0.16,0.16,0.1,,一般,4
20261008,FGF,202610/202611,38,40.42,38,38.01,-,-,29,-,-,38,38.01,41.4,25.01,,一般,3
20261008,FNF,202610/202611,0.04,0.04,0,0,-,-,40,-,-,-0.04,0,0.16,-0.03,,一般,11
20261008,FQF,202610/202611,0.99,1.15,0.99,1.14,-,-,141,-,-,1.14,1.15,1.15,0.71,,一般,69
20261008,FRF,202610/202611,6.26,7,6.26,6.99,-,-,242,-,-,6.81,6.97,7,4.01,,一般,29
20261008,FSF,202610/202611,0.08,0.08,0.05,0.05,-,-,9,-,-,-0.17,0.05,0.15,-0.12,,一般,3
20261008,FTF,202610/202611,0.13,0.35,0.13,0.35,-,-,76,-,-,0.4,0.41,0.51,0.11,,一般,86
20261008,FWF,202610/202611,0.06,0.06,0.04,0.04,-,-,45,-,-,0,0.04,0.09,0.03,,一般,42
20261008,FYF,202610/202611,0.11,0.19,0.09,0.11,-,-,64,-,-,0.1,0.11,0.2,-0.01,,一般,254
20261008,FZF,202610/202611,0.3,0.36,0.3,0.36,-,-,113,-,-,0.36,0.37,0.53,0.21,,一般,371
20261008,GCF,202610/202611,0.21,0.21,0.19,0.19,-,-,13,-,-,0.18,0.19,0.21,0.14,,一般,17
20261008,GHF,202610/202611,-0.9,-0.71,-0.9,-0.71,-,-,36,-,-,-0.71,-0.7,0.05,-0.94,,一般,22
20261008,GIF,202610/202611,0.37,0.37,0.17,0.17,-,-,9,-,-,0.06,0.19,0.51,-0.14,,一般,1
20261008,GJF,202610/202611,-1.74,-1.74,-2.47,-1.77,-,-,19,-,-,-2.99,-1.77,0,-3.01,,一般,4
20261008,GKF,202610/202611,0.01,0.01,0.01,0.01,-,-,1,-,-,-0.3,0.01,0.38,-0.21,,一般,0
20261008,GRF,202610/202611,0.49,0.62,0.29,0.56,-,-,294,-,-,0.55,0.56,0.78,0.05,,一般,325
20261008,GUF,202610/202611,1.14,1.14,1.01,1.01,-,-,22,-,-,0.99,1.01,1.41,1.01,,一般,9
20261008,GWF,202610/202611,0.3,0.3,-0.16,0.01,-,-,13,-,-,-0.15,0,0.3,-0.25,,一般,1
20261008,GXF,202610/202611,0.21,0.26,0.13,0.13,-,-,402,-,-,0.12,0.13,0.45,0.04,,一般,24
20261008,GYF,202610/202611,-0.4,-0.4,-0.83,-0.65,-,-,180,-,-,-0.66,-0.65,0.01,-0.83,,一般,104
20261008,GZF,202610/202611,-0.15,-0.15,-0.16,-0.16,-,-,28,-,-,-0.16,-0.14,-0.14,-0.31,,一般,34
20261008,HAF,202610/202611,0.21,0.23,0.19,0.2,-,-,25,-,-,0.19,0.2,0.24,0.06,,一般,32
20261008,HBF,202610/202611,0.1,0.1,0.09,0.1,-,-,49,-,-,0.09,0.1,0.51,0.01,,一般,303
20261008,HCF,202610/202611,-0.01,0.01,-0.01,0.01,-,-,9,-,-,0,0.09,0.1,-0.01,,一般,2
20261008,HLF,202610/202611,0.15,0.15,0.15,0.15,-,-,1,-,-,0.08,0.26,0.23,0.08,,一般,0
20261008,HSF,202610/202611,0.06,0.06,0.04,0.04,-,-,31,-,-,0,0.06,0.06,0.04,,一般,14
20261008,IIF,202610/202611,0.67,0.68,0.67,0.68,-,-,60,-,-,0.71,0.72,0.99,0.62,,一般,7
20261008,IJF,202610/202611,27.51,28.78,27.51,27.81,-,-,67,-,-,27.54,28.19,30.01,16.99,,一般,3
20261008,IMF,202610/202611,-0.11,-0.11,-0.11,-0.11,-,-,11,-,-,-0.12,-0.11,0.01,-0.14,,一般,0
20261008,IPF,202610/202611,0.64,0.64,0.53,0.53,-,-,6,-,-,0.52,0.53,0.64,0.49,,一般,17
20261008,IQF,202610/202611,0.77,0.9,0.77,0.9,-,-,110,-,-,0.9,0.91,0.9,0.27,,一般,21
20261008,IRF,202610/202611,1.49,1.96,1.18,1.64,-,-,119,-,-,1.64,1.65,3.21,1.05,,一般,12
20261008,ITF,202610/202611,-1.03,-0.71,-1.38,-1.38,-,-,161,-,-,-1.35,-1.34,0.51,-1.42,,一般,179
20261008,IXF,202610/202611,2,2,1.65,1.8,-,-,37,-,-,1.72,1.79,3.9,1.4,,一般,22
20261008,IYF,202610/202611,0.2,0.2,0.2,0.2,-,-,5,-,-,0.11,0.19,0.51,-0.02,,一般,2
20261008,IZF,202610/202611,-0.02,-0.02,-0.02,-0.02,-,-,4,-,-,-,-0.02,0.15,-0.02,,一般,8
20261008,JBF,202610/202611,16.4,16.4,15.1,15.2,-,-,25,-,-,14.99,15.29,17.51,12.31,,一般,1
20261008,JFF,202610/202611,6.01,6.01,6.01,6.01,-,-,3,-,-,6.01,7.01,6.64,3.99,,一般,0
20261008,JMF,202610/202611,21.35,21.35,21.35,21.35,-,-,1,-,-,20.5,21.34,25.01,11.36,,一般,10
20261008,JNF,202610/202611,0.29,0.29,0.24,0.24,-,-,42,-,-,0.22,0.23,0.41,-0.41,,一般,67
20261008,JPF,202610/202611,0.44,0.44,0.43,0.43,-,-,10,-,-,0.29,0.43,0.44,0.12,,一般,5
20261008,JWF,202610/202611,0.12,0.12,0.12,0.12,-,-,8,-,-,0.15,0.4,0.2,0.12,,一般,0
20261008,KBF,202610/202611,1.61,1.96,1.61,1.85,-,-,61,-,-,1.91,1.92,1.96,1.19,,一般,31
20261008,KCF,202610/202611,0.5,0.5,0.25,0.27,-,-,133,-,-,0.27,0.28,0.99,0.25,,一般,118
20261008,KEF,202610/202611,0.7,0.71,0.58,0.71,-,-,26,-,-,0.8,0.99,0.91,0.49,,一般,32
20261008,KFF,202610/202611,0.01,0.01,0.01,0.01,-,-,1,-,-,-0.01,0.01,0.06,-0.09,,一般,14
20261008,KGF,202610/202611,0.51,0.51,0.51,0.51,-,-,4,-,-,0.49,0.51,0.87,0.31,,一般,6
20261008,KIF,202610/202611,-1.01,-1.01,-1.8,-1.51,-,-,115,-,-,-1.55,-1.49,0.01,-1.85,,一般,321
20261008,KUF,202610/202611,-0.15,-0.09,-0.16,-0.16,-,-,761,-,-,-0.2,-0.18,0.21,-0.2,,一般,978
20261008,LCF,202610/202611,-0.17,-0.17,-0.26,-0.25,-,-,621,-,-,-0.24,-0.23,0,-0.26,,一般,162
20261008,LEF,202610/202611,-0.5,-0.5,-0.61,-0.61,-,-,5,-,-,-0.52,-0.51,0.67,-1.76,,一般,49
20261008,LIF,202610/202611,0.35,0.35,0.35,0.35,-,-,1,-,-,0.02,0.35,0.35,0.07,,一般,4
20261008,LUF,202610/202611,0.99,1.38,0.99,1.37,-,-,112,-,-,1.37,1.38,2.4,0.05,,一般,106
20261008,LVF,202610/202611,0.43,0.43,0.43,0.43,-,-,1,-,-,0.24,0.6,0.62,0.35,,一般,0
20261008,LXF,202610/202611,0.58,0.58,0.29,0.34,-,-,332,-,-,0.33,0.34,2.01,0.17,,一般,147
20261008,LYF,202610/202611,3.01,3.01,2.97,2.97,-,-,17,-,-,2.72,2.99,5.01,2.51,,一般,8
20261008,MJF,202610/202611,9,9.2,9,9.2,-,-,5,-,-,5.99,9.2,14.95,-8.85,,一般,0
20261008,MKF,202610/202611,-0.08,-0.08,-0.08,-0.08,-,-,11,-,-,-0.11,-0.08,0.27,-0.11,,一般,2
20261008,MQF,202610/202611,0.68,0.87,0.68,0.84,-,-,57,-,-,0.83,0.84,0.87,0.49,,一般,68
20261008,MTX,202610/202611,206,206,201,203,-,-,7,-,-,202,208,210,139,,一般,899
20261008,MTX,202610/202611,198,210,198,206,-,-,14,-,-,200,206,210,139,,盤後,1627
20261008,MVF,202610/202611,0.1,0.1,0.1,0.1,-,-,24,-,-,0.05,0.1,0.1,0.04,,一般,0
20261008,NAF,202610/202611,1.5,1.51,1.31,1.32,-,-,148,-,-,1.31,1.32,1.99,0.49,,一般,48
20261008,NCF,202610/202611,-0.5,-0.5,-0.62,-0.62,-,-,12,-,-,-2,-0.62,0.01,-1,,一般,0
20261008,ND1,202610/202611,-1.5,-1.5,-1.5,-1.5,-,-,1,-,-,-,-1.5,1,-1.5,,一般,0
20261008,NDF,202610/202611,-0.99,-0.99,-1.37,-1.36,-,-,64,-,-,-1.36,-1.12,1,-1.37,,一般,20
20261008,NEF,202610/202611,0.85,0.86,0.84,0.86,-,-,49,-,-,0.85,0.86,0.9,0.51,,一般,15
20261008,NIF,202610/202611,-0.03,-0.03,-0.04,-0.04,-,-,5,-,-,-0.06,-0.04,0.05,-0.04,,一般,0
20261008,NJF,202610/202611,0.15,0.15,0.09,0.09,-,-,4,-,-,0.04,0.09,0.15,0.07,,一般,6
20261008,NLF,202610/202611,0.69,0.69,0.64,0.67,-,-,113,-,-,0.67,0.68,0.7,0.31,,一般,7
20261008,NOF,202610/202611,0.49,0.51,0.49,0.51,-,-,6,-,-,0.49,0.51,0.79,0.39,,一般,34
20261008,NSF,202610/202611,0.31,0.51,0.31,0.51,-,-,101,-,-,0.49,0.51,0.51,0.06,,一般,270
20261008,NVF,202610/202611,0.31,0.31,0.31,0.31,-,-,5,-,-,0.23,0.28,0.51,0.21,,一般,3
20261008,NWF,202610/202611,6,6,4.99,4.99,-,-,31,-,-,4.35,4.79,6.31,3.01,,一般,7
20261008,NYF,202610/202611,0.35,0.35,0.34,0.35,-,-,157,-,-,0.34,0.35,0.36,0.22,,一般,171
20261008,NYF,202610/202611,0.34,0.34,0.34,0.34,-,-,17,-,-,0.34,0.36,0.36,0.22,,盤後,163
20261008,ODF,202610/202611,-0.5,-0.5,-0.5,-0.5,-,-,1,-,-,-0.9,-0.5,-0.05,-0.99,,一般,0
20261008,OEF,202610/202611,-0.05,-0.05,-0.05,-0.05,-,-,89,-,-,-0.06,-0.05,0.01,-0.07,,一般,18
20261008,OLF,202610/202611,27.81,28.51,27.8,28.01,-,-,392,-,-,27.91,27.92,28.81,15.01,,一般,246
20261008,OPF,202610/202611,5.5,5.5,5.47,5.48,-,-,6,-,-,5.48,5.49,5.63,4.01,,一般,5
20261008,OTF,202610/202611,9.89,10.01,9.27,9.29,-,-,34,-,-,9.29,10.01,10.13,7.78,,一般,6
20261008,OVF,202610/202611,4.01,4.99,4.01,4.7,-,-,132,-,-,3.99,4.76,6.01,2.99,,一般,61
20261008,OWF,202610/202611,-1.51,-1.5,-1.66,-1.6,-,-,79,-,-,-1.61,-1.6,0.85,-2.77,,一般,130
20261008,OYF,202610/202611,12.09,12.09,9.99,11.48,-,-,41,-,-,11.24,11.25,13.7,9.99,,一般,57
20261008,OZF,202610/202611,2.05,2.37,2.05,2.37,-,-,152,-,-,2.36,2.37,2.37,1.71,,一般,118
20261008,PBF,202610/202611,-1.99,-0.99,-1.99,-1.43,-,-,207,-,-,-1.42,-1.09,2.01,-1.99,,一般,1183
20261008,PEF,202610/202611,0.34,0.34,0.34,0.34,-,-,4,-,-,0.34,0.35,0.36,0.28,,一般,21
20261008,PHF,202610/202611,-6.99,-6.99,-7,-7,-,-,7,-,-,-7.01,-7,-5,-7.41,,一般,1
20261008,PIF,202610/202611,10,10,10,10,-,-,1,-,-,7.03,11,10,10,,一般,0
20261008,PJF,202610/202611,15.09,16.99,15.09,16.99,-,-,8,-,-,16.51,16.82,19.43,12.4,,一般,0
20261008,PLF,202610/202611,-0.49,-0.17,-0.49,-0.43,-,-,374,-,-,-0.44,-0.43,0.26,-0.63,,一般,411
20261008,PNF,202610/202611,2,2.5,-4.99,-2.07,-,-,38,-,-,-3.89,-0.92,7.73,-4.99,,一般,20
20261008,PQF,202610/202611,-0.51,-0.51,-0.76,-0.76,-,-,74,-,-,-0.77,-0.76,0.27,-0.82,,一般,56
20261008,PRF,202610/202611,-0.22,-0.22,-0.8,-0.64,-,-,46,-,-,-0.64,-0.63,0.32,-0.8,,一般,40
20261008,PSF,202610/202611,-0.11,-0.09,-0.11,-0.1,-,-,32,-,-,-0.1,-0.09,0.01,-0.14,,一般,1
20261008,PTF,202610/202611,6.01,6.01,5.99,5.99,-,-,15,-,-,5.48,5.99,10.01,1.99,,一般,2
20261008,PUF,202610/202611,18.81,18.81,17.95,18.61,-,-,62,-,-,18.6,18.61,18.99,12.51,,一般,696
20261008,PVF,202610/202611,1.99,1.99,1.99,1.99,-,-,2,-,-,1.99,2.96,8.47,-12.99,,一般,11
20261008,PWF,202610/202611,2.01,2.97,2,2.55,-,-,77,-,-,2.55,2.56,9,-4.01,,一般,237
20261008,PYF,202610/202611,1.45,1.99,1.3,1.99,-,-,11,-,-,1,1.99,3.01,1.01,,一般,24
20261008,QAF,202610/202611,80.01,80.01,67.28,76.8,-,-,30,-,-,40,91.99,80.01,45,,一般,7
20261008,QBF,202610/202611,0.15,0.21,0.15,0.21,-,-,19,-,-,0.19,0.21,0.21,-0.21,,一般,4
20261008,QCF,202610/202611,0.21,0.21,0.21,0.21,-,-,2,-,-,0.19,0.21,0.21,0.16,,一般,0
20261008,QDF,202610/202611,0.34,0.46,0.34,0.46,-,-,8,-,-,0.46,0.47,0.51,-0.36,,一般,30
20261008,QEF,202610/202611,0.63,0.63,0.49,0.5,-,-,235,-,-,0.49,0.5,1.76,0.49,,一般,1280
20261008,QFF,202610/202611,10.61,10.61,10.6,10.61,-,-,1048,-,-,10.6,10.61,10.71,9.48,,一般,1029
20261008,QFF,202610/202611,10.7,10.71,10.7,10.71,-,-,196,-,-,10.7,10.71,10.71,9.48,,盤後,829
20261008,QGF,202610/202611,-0.01,0,-1.06,-0.68,-,-,244,-,-,-0.67,-0.01,2.25,-1.22,,一般,78
20261008,QIF,202610/202611,1.5,1.5,1,1.13,-,-,868,-,-,0.99,1.12,1.84,0.51,,一般,176
20261008,QJF,202610/202611,-0.05,0,-0.3,-0.29,-,-,94,-,-,-0.19,0.01,1.01,-2,,一般,329
20261008,QLF,202610/202611,1.45,1.62,1.45,1.62,-,-,166,-,-,1.61,1.62,1.62,1.04,,一般,68
20261008,QNF,202610/202611,6.99,6.99,5.04,6,-,-,120,-,-,5.05,5.98,9.01,3.01,,一般,104
20261008,QRF,202610/202611,2.01,2.01,1.99,2.01,-,-,13,-,-,2.01,2.02,2.01,1.99,,一般,100
20261008,QSF,202610/202611,3.01,3.01,3,3.01,-,-,9,-,-,2.99,3.01,3.51,2.51,,一般,256
20261008,QUF,202610/202611,0.3,0.3,0.29,0.29,-,-,11,-,-,0.29,0.3,0.37,0.18,,一般,64
20261008,QXF,202610/202611,0.44,0.45,0.44,0.45,-,-,14,-,-,0.44,0.45,0.45,0.25,,一般,13
20261008,QYF,202610/202611,0.34,0.34,0.33,0.33,-,-,5,-,-,0.11,0.33,0.34,0.22,,一般,0
20261008,QZF,202610/202611,0.29,0.29,0.24,0.25,-,-,82,-,-,0.25,0.26,0.31,0.13,,一般,485
20261008,RAF,202610/202611,11,11,10.6,10.86,-,-,49,-,-,10.21,10.85,12,9.61,,一般,7
20261008,RBF,202610/202611,0.13,0.13,0.11,0.12,-,-,38,-,-,0.09,0.12,0.21,0.11,,一般,1
20261008,RCF,202610/202611,-0.29,-0.21,-0.29,-0.28,-,-,16,-,-,-0.29,-0.21,0.27,-0.36,,一般,2
20261008,REF,202610/202611,-0.1,-0.08,-0.12,-0.12,-,-,73,-,-,-0.12,-0.11,0.01,-0.28,,一般,45
20261008,RFF,202610/202611,6.01,6.01,4.99,6.01,-,-,16,-,-,6.08,7.01,6.01,4,,一般,92
20261008,RGF,202610/202611,22.14,23,21.69,21.69,-,-,73,-,-,21.69,21.7,24.6,10.01,,一般,96
20261008,RIF,202610/202611,0.1,0.1,0.1,0.1,-,-,5,-,-,0.09,0.1,0.13,0.07,,一般,11
20261008,RKF,202610/202611,2.51,2.51,2.51,2.51,-,-,3,-,-,2.5,3.01,4.01,2.06,,一般,18
20261008,RRF,202610/202611,0.27,0.27,0.27,0.27,-,-,3,-,-,-,0.47,0.27,0.27,,一般,1
20261008,RSF,202610/202611,11.14,11.14,10.01,10.01,-,-,56,-,-,10.01,10.99,15.05,0.19,,一般,48
20261008,RVF,202610/202611,6.81,7.01,6.8,7.01,-,-,176,-,-,6.99,7.01,7.01,4.01,,一般,518
20261008,RWF,202610/202611,16.41,16.41,15.67,15.67,-,-,50,-,-,15.66,15.67,17.51,12.3,,一般,141
20261008,RZF,202610/202611,0.03,0.03,0.03,0.03,-,-,50,-,-,0.03,0.04,0.04,0.02,,一般,13
20261008,SCF,202610/202611,0.62,0.62,0.62,0.62,-,-,1,-,-,-4.99,1.34,0.69,0.62,,一般,0
20261008,SDF,202610/202611,0.51,0.51,0.3,0.3,-,-,10,-,-,0.27,0.33,0.51,-0.01,,一般,8
20261008,SEF,202610/202611,5.51,6.01,5.51,6.01,-,-,50,-,-,5.5,6.01,6.01,3.99,,一般,180
20261008,SFF,202610/202611,16,16.46,16,16.46,-,-,57,-,-,16.45,16.46,20.01,12.11,,一般,290
20261008,SKF,202610/202611,-0.05,-0.05,-0.05,-0.05,-,-,42,-,-,-0.1,0.22,0.35,-0.06,,一般,10
20261008,SLF,202610/202611,-0.49,-0.49,-0.56,-0.49,-,-,56,-,-,-0.68,-0.49,0.51,-0.6,,一般,101
20261008,SMF,202610/202611,0.1,0.1,0.1,0.1,-,-,4,-,-,0.07,0.1,0.1,0.06,,一般,2
20261008,SRF,202610/202611,0.35,0.36,0.35,0.36,-,-,100,-,-,0.34,0.36,0.36,0.23,,一般,517
20261008,SRF,202610/202611,0.36,0.36,0.36,0.36,-,-,16,-,-,0.34,0.36,0.36,0.23,,盤後,331
20261008,SSF,202610/202611,0.27,0.27,0.27,0.27,-,-,2,-,-,-0.02,0.27,0.27,0.19,,一般,8
20261008,SUF,202610/202611,0.03,0.03,0.03,0.03,-,-,1,-,-,0,0.02,0.03,0.01,,一般,0
20261008,SVF,202610/202611,40,40.01,35,38,-,-,443,-,-,38,38.01,42.5,24.8,,一般,220
20261008,TMF,202610/202611,207,207,204,205,-,-,48,-,-,199,209,208,120,,一般,1743
20261008,TMF,202610/202611,203,208,201,208,-,-,6,-,-,200,208,208,120,,盤後,3511
20261008,TX,202610/202611,203,203,196,202,-,-,109,-,-,203,205,203,132,,一般,201
20261008,TX,202610/202611,197,201,195,201,-,-,51,-,-,200,208,201,132,,盤後,276
20261008,UAF,202610/202611,-0.44,-0.39,-0.44,-0.44,-,-,9,-,-,-0.45,-0.09,0.01,-0.57,,一般,8
20261008,UBF,202610/202611,1.01,1.51,0.85,0.85,-,-,37,-,-,0.03,0.5,2.11,-1.31,,一般,4
20261008,UFF,202610/202611,0.11,0.21,0.06,0.21,-,-,57,-,-,0.21,0.22,0.28,0.05,,一般,184
20261008,UHF,202610/202611,10.8,10.81,10.8,10.81,-,-,14,-,-,10.8,10.81,10.95,9.99,,一般,149
20261008,ULF,202610/202611,6.85,6.85,5.98,5.98,-,-,80,-,-,5.9,6.01,7.38,3.52,,一般,172
20261008,UOF,202610/202611,11.24,11.26,11.24,11.25,-,-,27,-,-,11.24,11.25,11.5,11,,一般,324
20261008,UTF,202610/202611,0.01,0.01,0,0,-,-,7,-,-,-0.05,-0.04,1.01,-0.02,,一般,4
20261008,UVF,202610/202611,30.01,30.01,30.01,30.01,-,-,4,-,-,28.24,28.74,30.01,19.99,,一般,0
20261008,UWF,202610/202611,28.69,29.19,28.69,28.73,-,-,91,-,-,28.73,28.82,30.2,17.07,,一般,34
20261008,UXF,202610/202611,-0.08,-0.08,-0.08,-0.08,-,-,7,-,-,-0.16,0.12,0.14,-0.16,,一般,3
20261008,UYF,202610/202611,-1.01,-0.99,-1.51,-1.51,-,-,343,-,-,-1.85,-1.51,-0.31,-1.51,,一般,15
20261008,UZF,202610/202611,4.01,4.99,4.01,4.63,-,-,57,-,-,4,4.64,4.99,2.57,,一般,19
20261008,VBF,202610/202611,-0.29,-0.21,-0.29,-0.25,-,-,55,-,-,-0.26,-0.19,0.01,-0.31,,一般,12
20261008,VDF,202610/202611,9.48,11.17,9.48,11,-,-,15,-,-,10.39,12.42,11.2,6.88,,一般,38
20261008,VEF,202610/202611,7.98,8.19,6.99,6.99,-,-,20,-,-,5.99,6.99,8.19,4.99,,一般,7
20261008,VFF,202610/202611,7.01,8.01,7.01,7.01,-,-,33,-,-,6.62,7.01,8.01,4.99,,一般,63
20261008,VGF,202610/202611,2.51,2.52,2.5,2.52,-,-,12,-,-,2.51,2.52,3.35,2.38,,一般,297
20261008,VHF,202610/202611,0.24,0.24,0.24,0.24,-,-,1,-,-,-,0.24,0.27,0.24,,一般,2
20261008,VIF,202610/202611,3.88,3.96,3.88,3.96,-,-,4,-,-,0.03,3.98,3.96,2.36,,一般,0
20261008,VKF,202610/202611,1.01,1.02,0.99,1.01,-,-,37,-,-,0.99,1.01,2.01,-0.55,,一般,65
20261008,VOF,202610/202611,0.51,0.51,0.51,0.51,-,-,77,-,-,0.49,0.51,1.01,0.49,,一般,345
20261008,VPF,202610/202611,1.99,2.26,1.99,2.25,-,-,198,-,-,2.26,2.27,2.26,1.74,,一般,216
20261008,ZEF,202610/202611,15.45,15.45,15.45,15.45,-,-,1,-,-,11.4,15.45,15.45,15.45,,一般,2
20261008,ZFF,202610/202611,10.4,10.4,10.4,10.4,-,-,2,-,-,11.4,13.6,11.2,9.4,,一般,0
20261008,CAF,202610/202612,1.51,1.51,1.51,1.51,-,-,4,-,-,1.51,1.52,1.51,0.49,,一般,4
20261008,CCF,202610/202612,0.9,0.91,0.88,0.89,-,-,141,-,-,0.88,0.89,1.09,0.51,,一般,59
20261008,CDF,202610/202612,21.61,21.7,21.6,21.7,-,-,78,-,-,21.75,21.76,22.01,17.99,,一般,187
20261008,CDF,202610/202612,21.71,22.01,21.7,22.01,-,-,50,-,-,22,22.01,22.01,17.99,,盤後,66
20261008,CHF,202610/202612,-0.2,-0.2,-0.2,-0.2,-,-,55,-,-,-0.26,-0.19,0.09,-0.41,,一般,22
20261008,FQF,202610/202612,1.65,1.65,1.65,1.65,-,-,9,-,-,1.64,1.65,2,1,,一般,3
20261008,FYF,202610/202612,0.15,0.15,0.14,0.15,-,-,15,-,-,0.15,0.16,0.29,-0.06,,一般,65
20261008,KUF,202610/202612,-0.09,-0.09,-0.09,-0.09,-,-,1,-,-,-,-,-0.09,-0.51,,一般,0
20261008,LUF,202610/202612,4.14,4.14,4.14,4.14,-,-,4,-,-,3.99,5.01,5.01,2.99,,一般,0
20261008,MTX,202610/202612,370,370,370,370,-,-,1,-,-,367,372,370,252,,一般,186
20261008,NOF,202610/202612,1.01,1.11,1.01,1.08,-,-,4,-,-,0.99,6.92,1.11,0.49,,一般,12
20261008,NSF,202610/202612,1.01,1.01,1.01,1.01,-,-,2,-,-,0.99,1.01,1.01,0.99,,一般,0
20261008,NYF,202610/202612,0.71,0.71,0.71,0.71,-,-,6,-,-,0.7,0.81,0.71,0.61,,一般,6
20261008,PRF,202610/202612,-0.02,-0.02,-2.02,-2.02,-,-,4,-,-,-5.03,-2.02,0,-2.02,,一般,7
20261008,QFF,202610/202612,21.6,21.61,21.6,21.61,-,-,119,-,-,21.6,21.61,21.71,16.99,,一般,380
20261008,QFF,202610/202612,21.71,21.71,21.7,21.71,-,-,109,-,-,21.7,21.71,21.71,16.99,,盤後,440
20261008,RVF,202610/202612,15.01,15.01,15.01,15.01,-,-,3,-,-,2.05,15.01,15.01,8.99,,一般,20
20261008,RZF,202610/202612,0.08,0.08,0.08,0.08,-,-,10,-,-,0.06,0.08,0.08,0.05,,一般,4
20261008,SVF,202610/202612,80.01,80.05,76,76,-,-,83,-,-,76,76.01,80.05,40,,一般,38
20261008,TMF,202610/202612,370,373,370,373,-,-,2,-,-,365,375,373,268,,一般,507
20261008,TX,202610/202612,372,372,360,363,-,-,38,-,-,366,368,493,201,,一般,16
20261008,TX,202610/202612,360,365,360,365,-,-,5,-,-,361,370,493,201,,盤後,30
20261008,CCF,202610/202703,2.25,2.25,2.25,2.25,-,-,10,-,-,2.24,2.25,2.49,1.81,,一般,10
20261008,CDF,202610/202703,66.6,66.63,66.6,66.62,-,-,12,-,-,66.62,66.63,70.01,66.6,,一般,26
20261008,CDF,202610/202703,66.81,66.81,66.81,66.81,-,-,1,-,-,66.8,66.81,70.01,66.6,,盤後,13
20261008,DHF,202610/202703,3.49,3.49,3.49,3.49,-,-,3,-,-,2.99,4.01,3.51,1.99,,一般,12
20261008,QFF,202610/202703,66.61,66.61,66.61,66.61,-,-,106,-,-,66.6,66.61,70.13,57,,一般,134
20261008,QFF,202610/202703,66.71,66.71,66.71,66.71,-,-,39,-,-,66.7,66.71,70.13,57,,盤後,126
20261008,SVF,202610/202703,195.03,195.03,163.31,163.31,-,-,37,-,-,163.31,163.32,195.03,37.18,,一般,0
20261008,DXF,202610/202706,2.99,2.99,2.99,2.99,-,-,1,-,-,2.99,24.99,2.99,2.01,,一般,5
20261008,PRF,202610/202706,-1.99,-1.99,-3.72,-2.09,-,-,33,-,-,-,-2.03,-1.99,-3.72,,一般,19
20261008,QFF,202610/202706,123.5,123.5,123.5,123.5,-,-,3,-,-,121.72,123.49,127,104.99,,一般,122
20261008,QFF,202610/202706,121.01,121.72,121.01,121.72,-,-,17,-,-,121.71,121.72,127,104.99,,盤後,61
20261008,SVF,202610/202706,168.51,299.99,168.14,242.97,-,-,10,-,-,224.96,-,299.99,119.26,,一般,10
20261008,MTX,202610/202709,1500,1501,1500,1501,-,-,2,-,-,1500,1534,1501,1153,,一般,6
20261008,TMF,202610/202709,1444,1444,1444,1444,-,-,1,-,-,1467,1525,1457,1444,,盤後,36
20261008,MTX,202610W2/202610,155,215,155,215,-,-,2,-,-,155,216,273,155,,盤後,3
20261008,CCF,202611/202612,0.49,0.49,0.49,0.49,-,-,2,-,-,0.49,0.51,0.51,0.38,,一般,1
20261008,CDF,202611/202612,11.04,11.04,11.03,11.03,-,-,34,-,-,11.03,11.04,11.21,10.01,,一般,205
20261008,CDF,202611/202612,11.21,11.21,11.2,11.2,-,-,14,-,-,11.2,11.21,11.21,10.01,,盤後,34
20261008,CFF,202611/202612,0.3,0.3,0.3,0.3,-,-,2,-,-,0,-,0.3,0.3,,一般,0
20261008,DVF,202611/202612,29.99,29.99,20,20,-,-,2,-,-,5.03,20.01,29.99,20,,一般,0
20261008,FQF,202611/202612,0.51,0.51,0.51,0.51,-,-,9,-,-,0.49,0.99,0.51,0.51,,一般,1
20261008,FZF,202611/202612,0.51,0.51,0.51,0.51,-,-,3,-,-,0.34,0.35,0.51,0.51,,一般,2
20261008,LUF,202611/202612,3.01,3.01,3.01,3.01,-,-,4,-,-,0.99,-,3.01,1.01,,一般,1
20261008,PUF,202611/202612,17.51,17.51,17.51,17.51,-,-,7,-,-,17.5,17.51,25.01,9.98,,一般,154
20261008,QFF,202611/202612,11.01,11.01,11,11.01,-,-,41,-,-,11,11.01,11.01,9.99,,盤後,100
20261008,QNF,202611/202612,20,20,20,20,-,-,5,-,-,7.99,20,20,5.02,,一般,6
20261008,QSF,202611/202612,3,3,3,3,-,-,1,-,-,-,40.01,4,2,,一般,0
20261008,SVF,202611/202612,5.11,5.11,5.11,5.11,-,-,3,-,-,38,38.01,5.11,5.11,,一般,43
20261008,VGF,202611/202612,3,3,3,3,-,-,1,-,-,-35.01,-,3,3,,一般,0
20261008,PLF,202611/202703,-1,-1,-1,-1,-,-,2,-,-,-3.51,-,-1,-1,,一般,0
20261008,QFF,202611/202703,56.01,56.01,56.01,56.01,-,-,4,-,-,56,56.01,60.01,56.01,,一般,60
20261008,QFF,202611/202703,56.01,56.01,56.01,56.01,-,-,2,-,-,56,56.01,60.01,56.01,,盤後,12
20261008,QGF,202611/202703,-3,-3,-3,-3,-,-,1,-,-,-10.01,-,-3,-3,,一般,0
20261008,TMF,202611/202703,681,681,681,681,-,-,1,-,-,680,730,681,640,,盤後,97
20261008,UHF,202611/202703,40,40,40,40,-,-,1,-,-,-55.01,-,40,40,,一般,0
20261008,VGF,202611/202703,12,12,12,12,-,-,2,-,-,-35.01,-,12,12,,一般,0
20261008,VOF,202611/202703,2,2,2,2,-,-,5,-,-,-9.01,-,5,2,,一般,1
20261008,VPF,202611/202706,14,14,14,14,-,-,1,-,-,-25.01,-,14,14,,一般,0
20261008,CDF,202612/202703,45.01,45.01,45.01,45.01,-,-,3,-,-,43.06,48.64,130.01,32.01,,盤後,4
20261008,SXF,202612/202703,130.5,130.5,130.5,130.5,-,-,1,-,-,130.5,134,133.5,88,,盤後,2
20261008,PRF,202612/202706,0.01,0.01,0.01,0.01,-,-,2,-,-,-,-,0.01,0.01,,一般,4
20261008,QFF,202612/202706,99.99,102,99.99,102,-,-,4,-,-,99.99,110.01,120,99.99,,一般,0
20261008,QFF,202612/202706,100.01,100.01,100.01,100.01,-,-,8,-,-,99.99,100.01,120,99.99,,盤後,3
20261008,QFF,202703/202706,55.01,56.05,55,56.04,-,-,76,-,-,55,59.99,65.98,45.01,,一般,10
20261008,QFF,202703/202706,55.01,55.01,54.99,55,-,-,46,-,-,54.99,55.01,65.98,45.01,,盤後,0
